set	cluster	intron	istart	iend	WT	Q157R	deltapsi	p.adjust
shortread	chr1:clu_545_+	chr1:194621352:194630147:clu_545_+	194621353	194630146	0.994741120362738	0.993294836831845	-0.00144628353089304	0.832342459343154
shortread	chr1:clu_545_+	chr1:194624322:194630147:clu_545_+	194624323	194630146	0.00525887963726224	0.0067051631681553	0.00144628353089307	0.832342459343154
shortread	chr1:clu_546_+	chr1:194630314:194631613:clu_546_+	194630315	194631612	0.990099585314621	0.976091141975231	-0.0140084433393904	0.331696781841269
shortread	chr1:clu_546_+	chr1:194630314:194631634:clu_546_+	194630315	194631633	0.00283069831990396	0.00833796191964585	0.00550726359974188	0.331696781841269
shortread	chr1:clu_546_+	chr1:194630314:194631655:clu_546_+	194630315	194631654	0.00706971636547457	0.0155708961051231	0.00850117973964856	0.331696781841269
shortread	chr1:clu_547_+	chr1:194641538:194642088:clu_547_+	194641539	194642087	0.273873138496969	0.105970525503546	-0.167902612993424	0.0223750233450823
shortread	chr1:clu_547_+	chr1:194641538:194642244:clu_547_+	194641539	194642243	0.726126861503031	0.894029474496454	0.167902612993424	0.0223750233450823
longread	chr1:clu_834_+	chr1:194621352:194630147:clu_834_+	194621353	194630146	0.991559080826605	0.992942447533654	0.00138336670704808	0.85897337779396
longread	chr1:clu_834_+	chr1:194624322:194630147:clu_834_+	194624323	194630146	0.0084409191733945	0.00705755246634648	-0.00138336670704803	0.85897337779396
longread	chr1:clu_835_+	chr1:194630314:194631613:clu_835_+	194630315	194631612	0.992512001155696	0.98330584095846	-0.00920616019723641	0.0335579225463061
longread	chr1:clu_835_+	chr1:194630314:194631634:clu_835_+	194630315	194631633	0.0033979873238656	0.00517873499081013	0.00178074766694453	0.0335579225463061
longread	chr1:clu_835_+	chr1:194630314:194631655:clu_835_+	194630315	194631654	0.00409001152043852	0.0115154240507304	0.00742541253029184	0.0335579225463061
longread	chr1:clu_836_+	chr1:194641538:194642088:clu_836_+	194641539	194642087	0.418989249461134	0.178373252491912	-0.240615996969222	2.4509924528066e-4
longread	chr1:clu_836_+	chr1:194641538:194642244:clu_836_+	194641539	194642243	0.581010750538866	0.821626747508088	0.240615996969222	2.4509924528066e-4
