cluster	genes	intron	chr	istart	iend	strand	WT	Q157R	deltapsi_Q157R_minus_WT	p.adjust
chr11:clu_1043_+	Hnrnph1	chr11:50275563:50276604:clu_1043_+	chr11	50275564	50276603	+	0.020712779091153	0.0759884495359065	0.0552756704447534	0.00462568356157885
chr11:clu_1043_+	Hnrnph1	chr11:50276017:50276604:clu_1043_+	chr11	50276018	50276603	+	0.491749561953406	0.440117518702322	-0.0516320432510845	0.00462568356157885
chr11:clu_1043_+	Hnrnph1	chr11:50275563:50275968:clu_1043_+	chr11	50275564	50275967	+	0.487537658955441	0.483894031761772	-0.0036436271936689	0.00462568356157885
chr15:clu_2670_+	Ttc33	chr15:5237931:5241480:clu_2670_+	chr15	5237932	5241479	+	0.583396159114942	0.442778554616575	-0.140617604498367	0.00642342714000599
chr15:clu_2670_+	Ttc33	chr15:5219284:5241480:clu_2670_+	chr15	5219285	5241479	+	0.00168568519992432	0.119323710023725	0.117638024823801	0.00642342714000599
chr15:clu_2670_+	Ttc33	chr15:5219284:5237850:clu_2670_+	chr15	5219285	5237849	+	0.414918155685133	0.4378977353597	0.0229795796745664	0.00642342714000599
chr4:clu_5615_+	Gm13236	chr4:145541382:145551779:clu_5615_+	chr4	145541383	145551778	+	0.362553303318528	0.0899507946637302	-0.272602508654797	0.0152990797736806
chr7:clu_7534_+	Gm42715,Tmem265	chr7:127162464:127163813:clu_7534_+	chr7	127162465	127163812	+	0.23570193675107	5.79951790651866e-7	-0.235701356799279	0.0152990797736806
chr7:clu_7534_+	Gm42715,Tmem265	chr7:127162464:127163956:clu_7534_+	chr7	127162465	127163955	+	0.76429806324893	0.999999420048209	0.235701356799279	0.0152990797736806
chr5:clu_6412_-	Sbno1	chr5:124548445:124552462:clu_6412_-	chr5	124548446	124552461	-	0.251833739707357	0.476361762795942	0.224528023088585	0.0152990797736806
chr15:clu_2677_+	Nadk2	chr15:9096181:9100195:clu_2677_+	chr15	9096182	9100194	+	0.768476036052254	0.992260351728215	0.223784315675961	0.0152990797736806
chr13:clu_2202_-	2610307P16Rik	chr13:28853977:28914374:clu_2202_-	chr13	28853978	28914373	-	0.0796287302666054	0.286224162113088	0.206595431846483	0.0152990797736806
chr7:clu_7106_-	Mfge8	chr7:78792798:78794995:clu_7106_-	chr7	78792799	78794994	-	0.486850171545811	0.689303812984472	0.202453641438662	0.0152990797736806
chr2:clu_4627_+	Slc9a8	chr2:167301674:167307261:clu_4627_+	chr2	167301675	167307260	+	0.418661209147109	0.606356872354817	0.187695663207709	0.0152990797736806
chr6:clu_6656_-	Rad18	chr6:112642299:112649085:clu_6656_-	chr6	112642300	112649084	-	0.514886615355144	0.345737853088632	-0.169148762266512	0.0152990797736806
chr6:clu_6799_+	Gng12	chr6:66891494:66992709:clu_6799_+	chr6	66891495	66992708	+	0.24372651750894	0.403758848285414	0.160032330776474	0.0152990797736806
chr5:clu_6207_-	Dmtf1	chr5:9180477:9181276:clu_6207_-	chr5	9180478	9181275	-	0.845911757482581	0.999999993477673	0.154088235995092	0.0152990797736806
chr5:clu_6207_-	Dmtf1	chr5:9180652:9181276:clu_6207_-	chr5	9180653	9181275	-	0.154088242517419	6.522326865638951e-9	-0.154088235995092	0.0152990797736806
chr4:clu_5615_+	Gm13236	chr4:145541405:145551779:clu_5615_+	chr4	145541406	145551778	+	0.00840308629143928	0.158726033228392	0.150322946936953	0.0152990797736806
chr3:clu_5088_-	Atp8b2	chr3:89866356:89867592:clu_5088_-	chr3	89866357	89867591	-	1.70013759374885e-8	0.150098216628358	0.150098199626983	0.0152990797736806
chr3:clu_5088_-	Atp8b2	chr3:89866356:89868382:clu_5088_-	chr3	89866357	89868381	-	0.999999982998624	0.849901783371642	-0.150098199626982	0.0152990797736806
chr5:clu_6412_-	Sbno1	chr5:124551352:124552462:clu_6412_-	chr5	124551353	124552461	-	0.313579268439732	0.166307498850216	-0.147271769589516	0.0152990797736806
chr11:clu_1643_-	Pitpnc1	chr11:107103484:107107504:clu_1643_-	chr11	107103485	107107503	-	0.533153202216238	0.388513333263328	-0.14463986895291	0.0152990797736806
chr2:clu_4627_+	Slc9a8	chr2:167293270:167307261:clu_4627_+	chr2	167293271	167307260	+	0.139538846067239	1.1871811611594601e-9	-0.139538844880058	0.0152990797736806
chr15:clu_2677_+	Nadk2	chr15:9096181:9098898:clu_2677_+	chr15	9096182	9098897	+	0.132892900527415	0.00444250590162113	-0.128450394625793	0.0152990797736806
chr11:clu_1643_-	Pitpnc1	chr11:107103484:107117057:clu_1643_-	chr11	107103485	107117056	-	0.0228907537909414	0.139616409866773	0.116725656075832	0.0152990797736806
chr11:clu_1332_+	Foxk2	chr11:121181716:121187740:clu_1332_+	chr11	121181717	121187739	+	3.0198652357503e-7	0.114144425360747	0.114144123374224	0.0152990797736806
chr6:clu_6799_+	Gng12	chr6:66891494:66920809:clu_6799_+	chr6	66891495	66920808	+	0.334968762105324	0.221901267136018	-0.113067494969306	0.0152990797736806
chr11:clu_1136_+	Slc43a2	chr11:75436656:75451647:clu_1136_+	chr11	75436657	75451646	+	3.80795711692687e-11	0.11143968492718	0.111439684889101	0.0152990797736806
chr11:clu_1136_+	Slc43a2	chr11:75436656:75451725:clu_1136_+	chr11	75436657	75451724	+	0.99999999996192	0.88856031507282	-0.111439684889101	0.0152990797736806
chr13:clu_2202_-	2610307P16Rik	chr13:28792611:28852353:clu_2202_-	chr13	28792612	28852352	-	0.204347228845027	0.0935328396959019	-0.110814389149126	0.0152990797736806
chr7:clu_7106_-	Mfge8	chr7:78793136:78794995:clu_7106_-	chr7	78793137	78794994	-	0.306172590078525	0.201323718780702	-0.104848871297823	0.0152990797736806
chr1:clu_440_+	R3hdm1	chr1:128095744:128102686:clu_440_+	chr1	128095745	128102685	+	4.34776859194639e-6	0.104080493375446	0.104076145606854	0.0152990797736806
chr5:clu_6412_-	Sbno1	chr5:124548445:124551248:clu_6412_-	chr5	124548446	124551247	-	0.322049456609475	0.221162090381236	-0.100887366228238	0.0152990797736806
chr18:clu_3917_+	Kdm3b	chr18:34932412:34941294:clu_3917_+	chr18	34932413	34941293	+	9.87147278749751e-8	0.100324716173408	0.10032461745868	0.0152990797736806
chr6:clu_6656_-	Rad18	chr6:112649161:112652707:clu_6656_-	chr6	112649162	112652706	-	0.485111974265257	0.584513095340511	0.0994011210752536	0.0152990797736806
chrX:clu_8715_+	Wdr45,Gm45208	chrX:7593731:7594050:clu_8715_+	chrX	7593732	7594049	+	2.76155118849753e-9	0.0985647862104416	0.0985647834488904	0.0152990797736806
chrX:clu_8715_+	Wdr45,Gm45208	chrX:7593731:7593989:clu_8715_+	chrX	7593732	7593988	+	0.999999997238449	0.901435213789558	-0.0985647834488903	0.0152990797736806
chr17:clu_3379_-	U2af1	chr17:31867069:31867157:clu_3379_-	chr17	31867070	31867156	-	0.998620335938837	0.900229017622866	-0.0983913183159713	0.0152990797736806
chr17:clu_3379_-	U2af1	chr17:31867069:31867169:clu_3379_-	chr17	31867070	31867168	-	0.00137966406116257	0.0997709823771339	0.0983913183159713	0.0152990797736806
chr7:clu_7106_-	Mfge8	chr7:78792798:78793026:clu_7106_-	chr7	78792799	78793025	-	0.206977238375665	0.109372468234826	-0.0976047701408388	0.0152990797736806
chr15:clu_2677_+	Nadk2	chr15:9098963:9100195:clu_2677_+	chr15	9098964	9100194	+	0.0986310634203318	0.00329714237016434	-0.0953339210501674	0.0152990797736806
chr17:clu_3609_+	Anks1	chr17:28273730:28276301:clu_3609_+	chr17	28273731	28276300	+	0.999999624569353	0.906627391804203	-0.0933722327651498	0.0152990797736806
chr4:clu_5615_+	Gm13236	chr4:145516127:145551779:clu_5615_+	chr4	145516128	145551778	+	0.0930860397719221	0.185255496094995	0.0921694563230727	0.0152990797736806
chr1:clu_463_+	Kif21b	chr1:136089309:136089702:clu_463_+	chr1	136089310	136089701	+	0.00352270226743207	0.0857180985888927	0.0821953963214606	0.0152990797736806
chr11:clu_1631_-	Pecam1	chr11:106606007:106640969:clu_1631_-	chr11	106606008	106640968	-	0.0819535374751499	3.90828900248257e-6	-0.0819496291861474	0.0152990797736806
chr4:clu_5615_+	Gm13236	chr4:145510683:145551779:clu_5615_+	chr4	145510684	145551778	+	0.0034434587907048	0.0812229654972765	0.0777795067065717	0.0152990797736806
chr16:clu_3203_-	Comt	chr16:18230070:18230290:clu_3203_-	chr16	18230071	18230289	-	0.0768063622742417	4.29815867655614e-12	-0.0768063622699436	0.0152990797736806
chr16:clu_3203_-	Comt	chr16:18230070:18230440:clu_3203_-	chr16	18230071	18230439	-	0.923193637725758	0.999999999995702	0.0768063622699434	0.0152990797736806
chr6:clu_6656_-	Rad18	chr6:112642299:112652707:clu_6656_-	chr6	112642300	112652706	-	1.41037959913784e-6	0.0697490515708574	0.0697476411912583	0.0152990797736806
chr13:clu_2202_-	2610307P16Rik	chr13:28853977:28895100:clu_2202_-	chr13	28853978	28895099	-	0.0980793937316719	0.0335143547195498	-0.0645650390121221	0.0152990797736806
chr6:clu_6749_+	Nup205	chr6:35219388:35220754:clu_6749_+	chr6	35219389	35220753	+	1.08816380926774e-8	0.0641404764326359	0.0641404655509978	0.0152990797736806
chr6:clu_6749_+	Nup205	chr6:35218383:35220754:clu_6749_+	chr6	35218384	35220753	+	0.999999989118362	0.935859523567364	-0.0641404655509977	0.0152990797736806
chr4:clu_5615_+	Gm13236	chr4:145510683:145541337:clu_5615_+	chr4	145510684	145541336	+	0.0995215905713497	0.035990876027397	-0.0635307145439526	0.0152990797736806
chr11:clu_1631_-	Pecam1	chr11:106590711:106640969:clu_1631_-	chr11	106590712	106640968	-	0.0613434987212781	0.121463079965232	0.0601195812439536	0.0152990797736806
chr11:clu_1631_-	Pecam1	chr11:106606010:106640969:clu_1631_-	chr11	106606011	106640968	-	0.230144084518458	0.28995139869331	0.0598073141748515	0.0152990797736806
chr11:clu_1332_+	Foxk2	chr11:121187048:121187740:clu_1332_+	chr11	121187049	121187739	+	0.50985642580171	0.451659293459878	-0.0581971323418326	0.0152990797736806
chr18:clu_3917_+	Kdm3b	chr18:34932412:34936503:clu_3917_+	chr18	34932413	34936502	+	0.577326013558046	0.519405994512642	-0.057920019045404	0.0152990797736806
chr11:clu_1332_+	Foxk2	chr11:121181716:121186855:clu_1332_+	chr11	121181717	121186854	+	0.490143272211766	0.434196281179375	-0.0559469910323912	0.0152990797736806
chr5:clu_6412_-	Sbno1	chr5:124548442:124552462:clu_6412_-	chr5	124548443	124552461	-	0.0447560131140803	0.100220559110225	0.0554645459961447	0.0152990797736806
chr17:clu_3609_+	Anks1	chr17:28274820:28276301:clu_3609_+	chr17	28274821	28276300	+	1.47849348610161e-7	0.0551373490367002	0.0551372011873515	0.0152990797736806
chr1:clu_440_+	R3hdm1	chr1:128096794:128102686:clu_440_+	chr1	128096795	128102685	+	0.506389547879026	0.45368624641842	-0.0527033014606052	0.0152990797736806
chr1:clu_440_+	R3hdm1	chr1:128095744:128096716:clu_440_+	chr1	128095745	128096715	+	0.493606104352382	0.442233260206134	-0.0513728441462487	0.0152990797736806
chr13:clu_2202_-	2610307P16Rik	chr13:28914486:28956602:clu_2202_-	chr13	28914487	28956601	-	0.17611579465968	0.226840989363274	0.050725194703594	0.0152990797736806
chr2:clu_4627_+	Slc9a8	chr2:167293270:167299247:clu_4627_+	chr2	167293271	167299246	+	0.441799944785652	0.393643126458001	-0.0481568183276508	0.0152990797736806
chr1:clu_463_+	Kif21b	chr1:136089518:136089702:clu_463_+	chr1	136089519	136089701	+	0.518475824509342	0.475708843288982	-0.0427669812203601	0.0152990797736806
chr18:clu_3917_+	Kdm3b	chr18:34937102:34941294:clu_3917_+	chr18	34937103	34941293	+	0.422673887727226	0.38026928931395	-0.0424045984132757	0.0152990797736806
chr1:clu_254_-	Usp21	chr1:171110667:171111211:clu_254_-	chr1	171110668	171111210	-	2.0165188569414e-6	0.0414677224513872	0.0414657059325302	0.0152990797736806
chr1:clu_463_+	Kif21b	chr1:136089309:136089467:clu_463_+	chr1	136089310	136089466	+	0.478001473223226	0.438573058122125	-0.0394284151011006	0.0152990797736806
chr17:clu_3609_+	Anks1	chr17:28273730:28274766:clu_3609_+	chr17	28273731	28274765	+	2.27581298801274e-7	0.038235259159097	0.0382350315777982	0.0152990797736806
chr11:clu_1631_-	Pecam1	chr11:106590711:106605728:clu_1631_-	chr11	106590712	106605727	-	0.626558879285114	0.588581613052456	-0.0379772662326576	0.0152990797736806
chr13:clu_2202_-	2610307P16Rik	chr13:28895191:28956602:clu_2202_-	chr13	28895192	28956601	-	0.0585696580995554	0.0213237019573892	-0.0372459561421662	0.0152990797736806
chr5:clu_5936_+	Kmt2e	chr5:23678651:23683512:clu_5936_+	chr5	23678652	23683511	+	1.23526063807289e-7	0.0365787312919335	0.0365786077658697	0.0152990797736806
chr5:clu_6412_-	Sbno1	chr5:124548442:124551248:clu_6412_-	chr5	124548443	124551247	-	0.0677815221293562	0.0359480888623806	-0.0318334332669756	0.0152990797736806
chr11:clu_1643_-	Pitpnc1	chr11:107107622:107117057:clu_1643_-	chr11	107107623	107117056	-	0.443956043992821	0.471870256869899	0.0279142128770782	0.0152990797736806
chr6:clu_6799_+	Gng12	chr6:66920866:66992709:clu_6799_+	chr6	66920867	66992708	+	0.0519323653480143	0.0257690116623838	-0.0261633536856305	0.0152990797736806
chr13:clu_2202_-	2610307P16Rik	chr13:28852687:28853765:clu_2202_-	chr13	28852688	28853764	-	0.162264366958686	0.187915401110529	0.0256510341518429	0.0152990797736806
chr13:clu_2202_-	2610307P16Rik	chr13:28895191:28914374:clu_2202_-	chr13	28895192	28914373	-	0.102989644837304	0.0777441857284747	-0.0252454591088297	0.0152990797736806
chr1:clu_254_-	Usp21	chr1:171111014:171111211:clu_254_-	chr1	171111015	171111210	-	0.511999987771986	0.490769504029903	-0.0212304837420831	0.0152990797736806
chr6:clu_6799_+	Gng12	chr6:66920861:66992709:clu_6799_+	chr6	66920862	66992708	+	0.369372355037721	0.348570872916184	-0.0208014821215369	0.0152990797736806
chr5:clu_5936_+	Kmt2e	chr5:23681522:23683512:clu_5936_+	chr5	23681523	23683511	+	0.558420709868669	0.53799445523081	-0.0204262546378592	0.0152990797736806
chr1:clu_254_-	Usp21	chr1:171110667:171110928:clu_254_-	chr1	171110668	171110927	-	0.487997995709157	0.46776277351871	-0.0202352221904471	0.0152990797736806
chr13:clu_2202_-	2610307P16Rik	chr13:28852687:28895100:clu_2202_-	chr13	28852688	28895099	-	0.0287382009532081	0.00998020568019411	-0.0187579952730139	0.0152990797736806
chr5:clu_5936_+	Kmt2e	chr5:23678651:23681484:clu_5936_+	chr5	23678652	23681483	+	0.441579166605267	0.425426813477256	-0.0161523531280106	0.0152990797736806
chr4:clu_5615_+	Gm13236	chr4:145510683:145516046:clu_5615_+	chr4	145510684	145516045	+	0.243999958171365	0.259710182359633	0.0157102241882682	0.0152990797736806
chr13:clu_2202_-	2610307P16Rik	chr13:28852687:28914374:clu_2202_-	chr13	28852688	28914373	-	0.0522412915884761	0.0377344362892754	-0.0145068552992007	0.0152990797736806
chr18:clu_3990_+	Atp5f1a	chr18:77868792:77868912:clu_3990_+	chr18	77868793	77868911	+	0.986601543238398	1	0.0133984567616021	0.0152990797736806
chr18:clu_3990_+	Atp5f1a	chr18:77868792:77868919:clu_3990_+	chr18	77868793	77868918	+	0.0133984567616021	2.39772078041729e-103	-0.0133984567616021	0.0152990797736806
chr5:clu_5921_+	Cdk6	chr5:3479158:3483090:clu_5921_+	chr5	3479159	3483089	+	1.56404073343399e-8	0.0122989954238533	0.012298979783446	0.0152990797736806
chr5:clu_5921_+	Cdk6	chr5:3479158:3523119:clu_5921_+	chr5	3479159	3523118	+	0.999999984359593	0.987701004576147	-0.012298979783446	0.0152990797736806
chr13:clu_2202_-	2610307P16Rik	chr13:28852687:28956602:clu_2202_-	chr13	28852688	28956601	-	0.0370256900597852	0.0251897233423233	-0.0118359667174618	0.0152990797736806
chr4:clu_5615_+	Gm13236	chr4:145516127:145541337:clu_5615_+	chr4	145516128	145541336	+	0.188992563084692	0.189143652128576	1.510890438848e-4	0.0152990797736806
chr5:clu_6503_-	N4bp2l2	chr5:150571013:150574130:clu_6503_-	chr5	150571014	150574129	-	0.0818858586816613	3.15366711572983e-10	-0.0818858583662946	0.0158528616715969
chr5:clu_6503_-	N4bp2l2	chr5:150571013:150574080:clu_6503_-	chr5	150571014	150574079	-	0.918114141318339	0.999999999684633	0.0818858583662945	0.0158528616715969
chr11:clu_1229_+	D030028A08Rik	chr11:96843554:96850166:clu_1229_+	chr11	96843555	96850165	+	0.385081400217332	2.5087123377771e-10	-0.385081399966461	0.0165592443277383
chr11:clu_1229_+	D030028A08Rik	chr11:96843554:96850380:clu_1229_+	chr11	96843555	96850379	+	0.417381752880457	0.724056340289082	0.306674587408624	0.0165592443277383
chr11:clu_1229_+	D030028A08Rik	chr11:96850277:96850380:clu_1229_+	chr11	96850278	96850379	+	0.197536846902211	0.275943659460047	0.0784068125578365	0.0165592443277383
chr7:clu_7451_+	Rsf1	chr7:97311788:97313767:clu_7451_+	chr7	97311789	97313766	+	0.999994100142516	0.848470294739409	-0.151523805403106	0.017155433477191
chr7:clu_7451_+	Rsf1	chr7:97311788:97312785:clu_7451_+	chr7	97311789	97312784	+	2.95105916687249e-6	0.0757698033114445	0.0757668522522777	0.017155433477191
chr7:clu_7451_+	Rsf1	chr7:97312817:97313767:clu_7451_+	chr7	97312818	97313766	+	2.94879831769375e-6	0.0757599019491462	0.0757569531508285	0.017155433477191
chr14:clu_2376_-	Camk2g	chr14:20820197:20829272:clu_2376_-	chr14	20820198	20829271	-	0.058053142348171	0.00266622984815994	-0.0553869125000111	0.017971240104774
chr14:clu_2376_-	Camk2g	chr14:20821129:20829272:clu_2376_-	chr14	20821130	20829271	-	0.444381789335368	0.495133118109728	0.0507513287743596	0.017971240104774
chr14:clu_2376_-	Camk2g	chr14:20820197:20821075:clu_2376_-	chr14	20820198	20821074	-	0.497565068316461	0.502200652042112	0.00463558372565159	0.017971240104774
chr11:clu_1162_+	Nf1	chr11:79349732:79359543:clu_1162_+	chr11	79349733	79359542	+	0.536647914484261	0.218365226853861	-0.3182826876304	0.0202408348760511
chr17:clu_3611_+	Scube3	chr17:28377902:28379786:clu_3611_+	chr17	28377903	28379785	+	0.3986620470302	0.633792539054796	0.235130492024596	0.0202408348760511
chr11:clu_1162_+	Nf1	chr11:79349732:79354059:clu_1162_+	chr11	79349733	79354058	+	0.187221936507186	0.412899739837863	0.225677803330676	0.0202408348760511
chr17:clu_3611_+	Scube3	chr17:28376163:28379786:clu_3611_+	chr17	28376164	28379785	+	0.224424517042977	0.0225056436942936	-0.201918873348683	0.0202408348760511
chr6:clu_6862_+	Nr2c2	chr6:92068723:92115968:clu_6862_+	chr6	92068724	92115967	+	0.0807246138905179	0.185781684792785	0.105057070902267	0.0202408348760511
chr6:clu_6862_+	Nr2c2	chr6:92082346:92115968:clu_6862_+	chr6	92082347	92115967	+	0.2471035761896	0.150522897105322	-0.0965806790842781	0.0202408348760511
chr11:clu_1162_+	Nf1	chr11:79354121:79359543:clu_1162_+	chr11	79354122	79359542	+	0.276130149008553	0.368735033308276	0.0926048842997233	0.0202408348760511
chr6:clu_6862_+	Nr2c2	chr6:92069795:92082263:clu_6862_+	chr6	92069796	92082262	+	0.0604709488132694	5.5276557722691e-6	-0.0604654211574971	0.0202408348760511
chr6:clu_6862_+	Nr2c2	chr6:92116007:92116761:clu_6862_+	chr6	92116008	92116760	+	0.435543646453764	0.492946306304985	0.0574026598512213	0.0202408348760511
chr5:clu_6126_+	Rfc2	chr5:134617673:134617786:clu_6126_+	chr5	134617674	134617785	+	0.0506897801379769	4.15465972617288e-10	-0.0506897797225109	0.0202408348760511
chr7:clu_7313_+	Tmem160	chr7:16187095:16188046:clu_7313_+	chr7	16187096	16188045	+	0.99999999216674	0.951392314052003	-0.0486076781147362	0.0202408348760511
chr7:clu_7313_+	Tmem160	chr7:16187095:16187982:clu_7313_+	chr7	16187096	16187981	+	7.833260498115191e-9	0.0486076859479966	0.0486076781147361	0.0202408348760511
chr17:clu_3611_+	Scube3	chr17:28376163:28377855:clu_3611_+	chr17	28376164	28377854	+	0.376913435926824	0.343701817250911	-0.0332116186759132	0.0202408348760511
chr5:clu_6126_+	Rfc2	chr5:134615821:134616529:clu_6126_+	chr5	134615822	134616528	+	0.00908871713614862	0.0347571839769857	0.0256684668408371	0.0202408348760511
chr5:clu_6126_+	Rfc2	chr5:134615821:134617786:clu_6126_+	chr5	134615822	134617785	+	0.940221502725875	0.965242815607548	0.0250213128816736	0.0202408348760511
chr6:clu_6862_+	Nr2c2	chr6:92068723:92116761:clu_6862_+	chr6	92068724	92116760	+	0.0443475004934486	0.0270393434802573	-0.0173081570131914	0.0202408348760511
chr6:clu_6862_+	Nr2c2	chr6:92068723:92082263:clu_6862_+	chr6	92068724	92082262	+	0.1318097141594	0.143704240660878	0.0118945265014784	0.0202408348760511
chr4:clu_5867_-	Plekhm2	chr4:141355690:141356392:clu_5867_-	chr4	141355691	141356391	-	0.203316581889635	0.00682470209721796	-0.196491879792417	0.0210305398649235
chr4:clu_5867_-	Plekhm2	chr4:141355751:141356392:clu_5867_-	chr4	141355752	141356391	-	0.796683418110365	0.993175297902782	0.196491879792417	0.0210305398649235
chr13:clu_2269_-	Gm49392,Ctla2b,Gm49391,4930486L24Rik,Gm49393	chr13:61002763:61044052:clu_2269_-	chr13	61002764	61044051	-	0.0389185076325484	0.28975798121482	0.250839473582271	0.0216526073858649
chr13:clu_2269_-	Gm49392,Ctla2b,Gm49391,4930486L24Rik,Gm49393	chr13:61043957:61044052:clu_2269_-	chr13	61043958	61044051	-	0.961081492367452	0.71024201878518	-0.250839473582271	0.0216526073858649
chr7:clu_7527_+	Fbrs	chr7:127088422:127088560:clu_7527_+	chr7	127088423	127088559	+	0.994280095679555	0.763815587640838	-0.230464508038717	0.0216526073858649
chr7:clu_7527_+	Fbrs	chr7:127088422:127088626:clu_7527_+	chr7	127088423	127088625	+	0.00571990432044451	0.236184412359162	0.230464508038717	0.0216526073858649
chr2:clu_4531_+	Galk2	chr2:125817253:125824975:clu_4531_+	chr2	125817254	125824974	+	7.09351098669117e-9	0.150932882336165	0.150932875242654	0.0216526073858649
chr2:clu_4531_+	Galk2	chr2:125817381:125824975:clu_4531_+	chr2	125817382	125824974	+	0.999999992906489	0.849067117663835	-0.150932875242654	0.0216526073858649
chr11:clu_1034_+	Rnf130	chr11:49990166:49995376:clu_1034_+	chr11	49990167	49995375	+	0.477160850705864	0.357851329426143	-0.11930952127972	0.0216526073858649
chr11:clu_1034_+	Rnf130	chr11:49986807:49990073:clu_1034_+	chr11	49986808	49990072	+	0.461294207916633	0.518060096735263	0.0567658888186299	0.0216526073858649
chr11:clu_1034_+	Rnf130	chr11:49986807:49995376:clu_1034_+	chr11	49986808	49995375	+	0.0405542399898018	0.0859523897538456	0.0453981497640438	0.0216526073858649
chr11:clu_1034_+	Rnf130	chr11:49986807:49990076:clu_1034_+	chr11	49986808	49990075	+	6.3388310595037e-4	0.0188206663385044	0.018186783232554	0.0216526073858649
chr11:clu_1034_+	Rnf130	chr11:49986807:50009872:clu_1034_+	chr11	49986808	50009871	+	0.0203568182817513	0.019315517746244	-0.00104130053550724	0.0216526073858649
chr17:clu_3446_-	Runx2	chr17:44950713:45028079:clu_3446_-	chr17	44950714	45028078	-	0.28258379894442	0.066187148216706	-0.216396650727714	0.0223750233450823
chr17:clu_3446_-	Runx2	chr17:44969579:45028079:clu_3446_-	chr17	44969580	45028078	-	0.418039814934911	0.599360849711329	0.181321034776418	0.0223750233450823
chr1:clu_547_+	Cd34	chr1:194641538:194642088:clu_547_+	chr1	194641539	194642087	+	0.273873138496969	0.105970525503546	-0.167902612993424	0.0223750233450823
chr1:clu_547_+	Cd34	chr1:194641538:194642244:clu_547_+	chr1	194641539	194642243	+	0.726126861503031	0.894029474496454	0.167902612993424	0.0223750233450823
chr16:clu_3075_+	Ubxn7	chr16:32178893:32188133:clu_3075_+	chr16	32178894	32188132	+	0.0124120676259049	0.0780047988163346	0.0655927311904297	0.0223750233450823
chr16:clu_3075_+	Ubxn7	chr16:32178893:32186162:clu_3075_+	chr16	32178894	32186161	+	0.560106732959239	0.522905435222892	-0.0372012977363468	0.0223750233450823
chr17:clu_3446_-	Runx2	chr17:44950713:44969406:clu_3446_-	chr17	44950714	44969405	-	0.299376386120669	0.334452002071965	0.035075615951296	0.0223750233450823
chr5:clu_5964_+	Babam2	chr5:31978016:32058399:clu_5964_+	chr5	31978017	32058398	+	1.25530837708679e-7	0.0314428745811296	0.0314427490502919	0.0223750233450823
chr16:clu_3075_+	Ubxn7	chr16:32186227:32188133:clu_3075_+	chr16	32186228	32188132	+	0.427481199414856	0.399089765960773	-0.0283914334540829	0.0223750233450823
chr4:clu_5847_-	Srrm1	chr4:135068346:135071175:clu_5847_-	chr4	135068347	135071174	-	3.7413597690949805e-9	0.0250203009010774	0.0250202971597176	0.0223750233450823
chr5:clu_5964_+	Babam2	chr5:31988503:32058399:clu_5964_+	chr5	31988504	32058398	+	0.554218055548926	0.536791911646887	-0.0174261439020388	0.0223750233450823
chr5:clu_5964_+	Babam2	chr5:31978016:31988429:clu_5964_+	chr5	31978017	31988428	+	0.445781818920236	0.431765213771984	-0.0140166051482529	0.0223750233450823
chr4:clu_5847_-	Srrm1	chr4:135069884:135071175:clu_5847_-	chr4	135069885	135071174	-	0.552161435075528	0.538346191753587	-0.0138152433219404	0.0223750233450823
chr4:clu_5847_-	Srrm1	chr4:135068346:135069681:clu_5847_-	chr4	135068347	135069680	-	0.436622280259577	0.4256978611063	-0.0109244191532769	0.0223750233450823
chr9:clu_8344_+	Hspa8	chr9:40712644:40713214:clu_8344_+	chr9	40712645	40713213	+	0.99999999021337	0.9936461639577	-0.00635382625567016	0.0223750233450823
chr9:clu_8344_+	Hspa8	chr9:40712644:40713228:clu_8344_+	chr9	40712645	40713227	+	9.78663004082509e-9	0.00635383604230019	0.00635382625567015	0.0223750233450823
chr4:clu_5847_-	Srrm1	chr4:135069794:135071175:clu_5847_-	chr4	135069795	135071174	-	0.011216280923536	0.0109356462390357	-2.8063468450034e-4	0.0223750233450823
chr5:clu_6347_-	Fbrsl1	chr5:110527459:110543911:clu_6347_-	chr5	110527460	110543910	-	4.07480123260261e-8	0.387692191648581	0.387692150900569	0.0239343944994392
chr5:clu_6347_-	Fbrsl1	chr5:110529512:110543911:clu_6347_-	chr5	110529513	110543910	-	0.517137606465505	0.316647407315579	-0.200490199149926	0.0239343944994392
chr5:clu_6347_-	Fbrsl1	chr5:110527459:110529467:clu_6347_-	chr5	110527460	110529466	-	0.482862352786483	0.295660401035839	-0.187201951750644	0.0239343944994392
chr8:clu_7871_+	Gmip	chr8:70270760:70273247:clu_7871_+	chr8	70270761	70273246	+	1.48849523530635e-6	0.0843289664084849	0.0843274779132496	0.0239343944994392
chr8:clu_7871_+	Gmip	chr8:70273150:70273247:clu_7871_+	chr8	70273151	70273246	+	0.603149277703922	0.552286849900456	-0.0508624278034667	0.0239343944994392
chr8:clu_7871_+	Gmip	chr8:70270760:70273084:clu_7871_+	chr8	70270761	70273083	+	0.396849233800842	0.36338418369106	-0.0334650501097828	0.0239343944994392
chr7:clu_7294_+	Eps8l1	chr7:4481313:4481618:clu_7294_+	chr7	4481314	4481617	+	0.425153369386763	0.0358112053051595	-0.389342164081603	0.0256604050991538
chr7:clu_7294_+	Eps8l1	chr7:4480997:4481618:clu_7294_+	chr7	4480998	4481617	+	0.0344126009924668	0.349017193286315	0.314604592293848	0.0256604050991538
chr7:clu_7294_+	Eps8l1	chr7:4480997:4481139:clu_7294_+	chr7	4480998	4481138	+	0.54043402962077	0.615171601408526	0.0747375717877555	0.0256604050991538
chr18:clu_3893_+	Galnt1	chr18:24365710:24371299:clu_3893_+	chr18	24365711	24371298	+	0.415373670851896	0.228173374162644	-0.187200296689252	0.0275285838110841
chr10:clu_669_+	Apba3	chr10:81104153:81104613:clu_669_+	chr10	81104154	81104612	+	0.999999991475132	0.818776437030542	-0.18122355444459	0.0275285838110841
chr10:clu_669_+	Apba3	chr10:81104153:81104644:clu_669_+	chr10	81104154	81104643	+	8.524867845741e-9	0.181223562969458	0.18122355444459	0.0275285838110841
chr18:clu_3893_+	Galnt1	chr18:24371542:24379107:clu_3893_+	chr18	24371543	24379106	+	0.580990629671471	0.749448443752356	0.168457814080884	0.0275285838110841
chr4:clu_5479_+	Usp24	chr4:106266569:106266808:clu_5479_+	chr4	106266570	106266807	+	0.135711317125667	2.3027503200514303e-9	-0.135711314822916	0.0275285838110841
chr4:clu_5479_+	Usp24	chr4:106266622:106266808:clu_5479_+	chr4	106266623	106266807	+	0.864288682874333	0.99999999769725	0.135711314822916	0.0275285838110841
chr8:clu_7799_+	Tfdp1	chr8:13419580:13420481:clu_7799_+	chr8	13419581	13420480	+	0.811331676825966	0.942563001802407	0.131231324976441	0.0275285838110841
chr13:clu_2135_+	Arrdc3	chr13:81039343:81039569:clu_2135_+	chr13	81039344	81039568	+	0.121363670164909	2.99485053644733e-8	-0.121363640216404	0.0275285838110841
chr13:clu_2135_+	Arrdc3	chr13:81039343:81039607:clu_2135_+	chr13	81039344	81039606	+	0.878636329835091	0.999999970051495	0.121363640216404	0.0275285838110841
chr2:clu_4795_-	Atf2	chr2:73649492:73653545:clu_4795_-	chr2	73649493	73653544	-	0.456210464496959	0.350202177112803	-0.106008287384156	0.0275285838110841
chr9:clu_8484_+	Naa80,Hyal3	chr9:107458535:107461951:clu_8484_+	chr9	107458536	107461950	+	0.00448521023995503	0.106613626075426	0.102128415835471	0.0275285838110841
chr9:clu_8484_+	Naa80,Hyal3	chr9:107458535:107460016:clu_8484_+	chr9	107458536	107460015	+	0.130456749439573	0.0358611472029255	-0.0945956022366472	0.0275285838110841
chr8:clu_7799_+	Tfdp1	chr8:13420274:13420481:clu_7799_+	chr8	13420275	13420480	+	0.0879754825230853	0.00643803949434454	-0.0815374430287408	0.0275285838110841
chr2:clu_4795_-	Atf2	chr2:73649492:73658816:clu_4795_-	chr2	73649493	73658815	-	0.00870228795051129	0.0868644589249603	0.078162170974449	0.0275285838110841
chr8:clu_7799_+	Tfdp1	chr8:13419580:13420172:clu_7799_+	chr8	13419581	13420171	+	0.0792654251259145	0.00580063815919592	-0.0734647869667186	0.0275285838110841
chr2:clu_4795_-	Atf2	chr2:73653650:73658816:clu_4795_-	chr2	73653651	73658815	-	0.53508724755253	0.562933363962237	0.0278461164097072	0.0275285838110841
chr8:clu_7799_+	Tfdp1	chr8:13419580:13420169:clu_7799_+	chr8	13419581	13420168	+	0.0214274155250338	0.0451983205440523	0.0237709050190184	0.0275285838110841
chr18:clu_3893_+	Galnt1	chr18:24365710:24379107:clu_3893_+	chr18	24365711	24379106	+	0.00363569947663272	0.0223781820850007	0.0187424826083679	0.0275285838110841
chr9:clu_8484_+	Naa80,Hyal3	chr9:107458134:107460016:clu_8484_+	chr9	107458135	107460015	+	0.865058040320472	0.857525226721648	-0.00753281359882418	0.0275285838110841
chr17:clu_3638_+	Dnah8	chr17:30846116:30854295:clu_3638_+	chr17	30846117	30854294	+	0.809975258513866	0.380292231260448	-0.429683027253418	0.0282271702200304
chr17:clu_3638_+	Dnah8	chr17:30846110:30854295:clu_3638_+	chr17	30846111	30854294	+	0.0942412197696547	0.342748659602098	0.248507439832444	0.0282271702200304
chr17:clu_3638_+	Dnah8	chr17:30843528:30854295:clu_3638_+	chr17	30843529	30854294	+	0.0957835217164795	0.276959109137454	0.181175587420974	0.0282271702200304
chr11:clu_1342_-	Mtmr3	chr11:4481305:4544603:clu_1342_-	chr11	4481306	4544602	-	0.824464655331305	0.912981394741447	0.0885167394101426	0.0282271702200304
chr11:clu_1342_-	Mtmr3	chr11:4481305:4496189:clu_1342_-	chr11	4481306	4496188	-	0.10483863214652	0.0213160267076316	-0.0835226054388888	0.0282271702200304
chr11:clu_1342_-	Mtmr3	chr11:4496268:4544603:clu_1342_-	chr11	4496269	4544602	-	0.0672149023033948	0.0136662852471194	-0.0535486170562755	0.0282271702200304
chr11:clu_1342_-	Mtmr3	chr11:4481305:4499229:clu_1342_-	chr11	4481306	4499228	-	0.00348181021877991	0.0520362933038016	0.0485544830850217	0.0282271702200304
chr11:clu_1251_+	Psme3	chr11:101207921:101208007:clu_1251_+	chr11	101207922	101208006	+	0.0313537726265009	3.1761775940365e-9	-0.0313537694503233	0.0282271702200304
chr11:clu_1251_+	Psme3	chr11:101207314:101208007:clu_1251_+	chr11	101207315	101208006	+	0.968646227373499	0.999999996823822	0.0313537694503232	0.0282271702200304
chr4:clu_5457_+	Rgs3	chr4:62571073:62575340:clu_5457_+	chr4	62571074	62575339	+	0.461162613123861	2.60579816268847e-8	-0.461162587065879	0.0287793362623849
chr8:clu_7968_+	Nlrc5	chr8:95161061:95186320:clu_7968_+	chr8	95161062	95186319	+	0.0406966056469771	0.404662284082002	0.363965678435025	0.0287793362623849
chr3:clu_5032_-	Mecom	chr3:30064046:30066691:clu_5032_-	chr3	30064047	30066690	-	0.537444494713812	0.19156270010427	-0.345881794609543	0.0287793362623849
chr3:clu_5032_-	Mecom	chr3:30064046:30292127:clu_5032_-	chr3	30064047	30292126	-	0.462555505286187	0.80843729989573	0.345881794609543	0.0287793362623849
chr4:clu_5457_+	Rgs3	chr4:62592547:62607736:clu_5457_+	chr4	62592548	62607735	+	0.354035246878449	0.675296433194327	0.321261186315878	0.0287793362623849
chr18:clu_3941_+	Tcerg1	chr18:42663955:42669243:clu_3941_+	chr18	42663956	42669242	+	0.166525614941345	0.40367283987003	0.237147224928685	0.0287793362623849
chr10:clu_795_-	Cep57l1	chr10:41595903:41605327:clu_795_-	chr10	41595904	41605326	-	0.00389192689646067	0.209541715111746	0.205649788215285	0.0287793362623849
chr5:clu_6262_-	Clnk	chr5:38952326:39019539:clu_6262_-	chr5	38952327	39019538	-	0.483174580980909	0.280674121070426	-0.202500459910483	0.0287793362623849
chr2:clu_4720_-	Gtf3c5	chr2:28457796:28458497:clu_4720_-	chr2	28457797	28458496	-	0.799022592676618	0.999999415200603	0.200976822523985	0.0287793362623849
chr2:clu_4720_-	Gtf3c5	chr2:28457814:28458497:clu_4720_-	chr2	28457815	28458496	-	0.200977407323382	5.84799396836822e-7	-0.200976822523985	0.0287793362623849
chr5:clu_6149_+	Zfp157	chr5:138453351:138454137:clu_6149_+	chr5	138453352	138454136	+	0.999999986709719	0.80260576787604	-0.197394218833679	0.0287793362623849
chr5:clu_6149_+	Zfp157	chr5:138453351:138454141:clu_6149_+	chr5	138453352	138454140	+	1.32902808507127e-8	0.19739423212396	0.197394218833679	0.0287793362623849
chr12:clu_1764_-	Erh	chr12:80687818:80690538:clu_1764_-	chr12	80687819	80690537	-	0.629246837028424	0.825715249888629	0.196468412860205	0.0287793362623849
chr5:clu_6262_-	Clnk	chr5:38941891:38952255:clu_6262_-	chr5	38941892	38952254	-	0.441604772705122	0.626692894355443	0.185088121650321	0.0287793362623849
chr9:clu_8426_+	Sltm	chr9:70466383:70469058:clu_8426_+	chr9	70466384	70469057	+	0.327259853023177	0.152179255364906	-0.17508059765827	0.0287793362623849
chr18:clu_3941_+	Tcerg1	chr18:42663955:42668150:clu_3941_+	chr18	42663956	42668149	+	0.429359675263502	0.256953699599025	-0.172405975664477	0.0287793362623849
chr6:clu_6845_+	Tia1	chr6:86402052:86402432:clu_6845_+	chr6	86402053	86402431	+	0.739405257989938	0.910802147160981	0.171396889171042	0.0287793362623849
chr6:clu_6845_+	Tia1	chr6:86402185:86402432:clu_6845_+	chr6	86402186	86402431	+	0.260594742010062	0.0891978528390192	-0.171396889171042	0.0287793362623849
chr9:clu_8426_+	Sltm	chr9:70469255:70470096:clu_8426_+	chr9	70469256	70470095	+	0.0359130793041687	0.201032146716612	0.165119067412443	0.0287793362623849
chr14:clu_2543_+	Rps24	chr14:24543561:24545843:clu_2543_+	chr14	24543562	24545842	+	0.223687870086542	0.375661027567344	0.151973157480802	0.0287793362623849
chr4:clu_5457_+	Rgs3	chr4:62571073:62607736:clu_5457_+	chr4	62571074	62607735	+	0.18480213999769	0.324703540747691	0.139901400750001	0.0287793362623849
chr9:clu_8426_+	Sltm	chr9:70470143:70479431:clu_8426_+	chr9	70470144	70479430	+	0.110011371039124	0.241458290314512	0.131446919275388	0.0287793362623849
chr10:clu_795_-	Cep57l1	chr10:41595903:41597553:clu_795_-	chr10	41595904	41597552	-	0.63143520520140906	0.501073634679343	-0.130361570522066	0.0287793362623849
chr8:clu_7968_+	Nlrc5	chr8:95186427:95196445:clu_7968_+	chr8	95186428	95196444	+	0.329651453517428	0.204579349076884	-0.125072104440544	0.0287793362623849
chr8:clu_7968_+	Nlrc5	chr8:95172761:95186320:clu_7968_+	chr8	95172762	95186319	+	0.326895328075319	0.202868917214369	-0.12402641086095	0.0287793362623849
chr9:clu_8426_+	Sltm	chr9:70451339:70466319:clu_8426_+	chr9	70451340	70466318	+	0.434615667774524	0.311729626734643	-0.122886041039881	0.0287793362623849
chr4:clu_5904_-	Camta1	chr4:151914993:151920271:clu_5904_-	chr4	151914994	151920270	-	0.502920760426059	0.625562308239354	0.122641547813295	0.0287793362623849
chr12:clu_1764_-	Erh	chr12:80689619:80690538:clu_1764_-	chr12	80689620	80690537	-	0.170720946592985	0.0669555131123275	-0.103765433480657	0.0287793362623849
chr12:clu_1764_-	Erh	chr12:80687818:80689563:clu_1764_-	chr12	80687819	80689562	-	0.200032216378591	0.107329236999044	-0.0927029793795472	0.0287793362623849
chr4:clu_5904_-	Camta1	chr4:151914993:151946082:clu_5904_-	chr4	151914994	151946081	-	0.0958243210422361	0.00516892607395896	-0.0906553949682771	0.0287793362623849
chr8:clu_7968_+	Nlrc5	chr8:95161061:95172686:clu_7968_+	chr8	95161062	95172685	+	0.211332570449136	0.131152338759412	-0.0801802316897238	0.0287793362623849
chr14:clu_2543_+	Rps24	chr14:24545517:24545843:clu_2543_+	chr14	24545518	24545842	+	0.330089462273343	0.26213001532685	-0.067959446946493	0.0287793362623849
chr14:clu_2543_+	Rps24	chr14:24543561:24545498:clu_2543_+	chr14	24543562	24545497	+	0.329806085433429	0.262222638070855	-0.0675834473625742	0.0287793362623849
chr18:clu_3941_+	Tcerg1	chr18:42668212:42669243:clu_3941_+	chr18	42668213	42669242	+	0.404114709795153	0.339373460530945	-0.0647412492642081	0.0287793362623849
chr13:clu_2300_-	Rasa1	chr13:85392457:85398551:clu_2300_-	chr13	85392458	85398550	-	8.06219044330863e-7	0.0602164853078003	0.060215679088756	0.0287793362623849
chr15:clu_2757_+	Srebf2	chr15:82080493:82081819:clu_2757_+	chr15	82080494	82081818	+	0.942916971649128	0.999999993052218	0.0570830214030899	0.0287793362623849
chr15:clu_2757_+	Srebf2	chr15:82080493:82081855:clu_2757_+	chr15	82080494	82081854	+	0.0570830283508721	6.9477824029859e-9	-0.0570830214030897	0.0287793362623849
chr9:clu_8426_+	Sltm	chr9:70451339:70479431:clu_8426_+	chr9	70451340	70479430	+	0.00549824543224852	0.0531023411782832	0.0476040957460347	0.0287793362623849
chr8:clu_7898_+	Jak3	chr8:72135057:72135544:clu_7898_+	chr8	72135058	72135543	+	0.537624401203264	0.578603407407067	0.0409790062038026	0.0287793362623849
chr6:clu_6687_-	Ptpn6	chr6:124709823:124709909:clu_6687_-	chr6	124709824	124709908	-	0.962870860245865	0.999999999185954	0.0371291389400884	0.0287793362623849
chr6:clu_6687_-	Ptpn6	chr6:124709823:124715462:clu_6687_-	chr6	124709824	124715461	-	0.0371291397541347	8.140463017040571e-10	-0.0371291389400884	0.0287793362623849
chr13:clu_2300_-	Rasa1	chr13:85392457:85394710:clu_2300_-	chr13	85392458	85394709	-	0.584927233283691	0.549705407566276	-0.0352218257174149	0.0287793362623849
chr8:clu_7968_+	Nlrc5	chr8:95172761:95196445:clu_7968_+	chr8	95172762	95196444	+	0.0914240423111406	0.0567371108673326	-0.034686931443808	0.0287793362623849
chr10:clu_795_-	Cep57l1	chr10:41599934:41605327:clu_795_-	chr10	41599935	41605326	-	0.157419744376015	0.124919788862535	-0.0324999555134796	0.0287793362623849
chr4:clu_5904_-	Camta1	chr4:151920340:151946082:clu_5904_-	chr4	151920341	151946081	-	0.401254918531705	0.369268765686687	-0.0319861528450174	0.0287793362623849
chr13:clu_2300_-	Rasa1	chr13:85394762:85398551:clu_2300_-	chr13	85394763	85398550	-	0.415071960497265	0.390078107125924	-0.024993853371341	0.0287793362623849
chr8:clu_7898_+	Jak3	chr8:72135628:72135976:clu_7898_+	chr8	72135629	72135975	+	0.446073081328304	0.421394398762786	-0.024678682565518	0.0287793362623849
chr10:clu_795_-	Cep57l1	chr10:41599934:41604624:clu_795_-	chr10	41599935	41604623	-	0.116087114840615	0.0921204511735948	-0.0239666636670197	0.0287793362623849
chr9:clu_8426_+	Sltm	chr9:70466383:70479431:clu_8426_+	chr9	70466384	70479430	+	0.0442739433654738	0.0205942350836683	-0.0236797082818055	0.0287793362623849
chr9:clu_8426_+	Sltm	chr9:70466383:70470096:clu_8426_+	chr9	70466384	70470095	+	0.0424278400612841	0.0199041046073753	-0.0225237354539088	0.0287793362623849
chr10:clu_795_-	Cep57l1	chr10:41604710:41605327:clu_795_-	chr10	41604711	41605326	-	0.0911660086855011	0.0723444101727816	-0.0188215985127194	0.0287793362623849
chr5:clu_6262_-	Clnk	chr5:38941891:39019539:clu_6262_-	chr5	38941892	39019538	-	0.075220646313969	0.0926329845741311	0.0174123382601621	0.0287793362623849
chr8:clu_7898_+	Jak3	chr8:72135057:72135976:clu_7898_+	chr8	72135058	72135975	+	0.016302517468432	2.19383014719815e-6	-0.0163003236382848	0.0287793362623849
chr14:clu_2543_+	Rps24	chr14:24543561:24543685:clu_2543_+	chr14	24543562	24543684	+	0.0866644253540422	0.0752768662606014	-0.0113875590934408	0.0287793362623849
chr14:clu_2543_+	Rps24	chr14:24543561:24544120:clu_2543_+	chr14	24543562	24544119	+	0.018470021913204	0.0157481490066964	-0.00272187290650757	0.0287793362623849
chr14:clu_2543_+	Rps24	chr14:24544137:24545498:clu_2543_+	chr14	24544138	24545497	+	0.0112821349394397	0.00896130376765295	-0.00232083117178676	0.0287793362623849
chr11:clu_1683_-	Slc38a10	chr11:119997433:120000258:clu_1683_-	chr11	119997434	120000257	-	0.119224712391753	0.0253042114972977	-0.0939205008944549	0.0290800772771258
chr11:clu_1683_-	Slc38a10	chr11:119999316:120000258:clu_1683_-	chr11	119999317	120000257	-	0.00430312204102209	0.0765168819629326	0.0722137599219105	0.0290800772771258
chr11:clu_1683_-	Slc38a10	chr11:119997436:119999293:clu_1683_-	chr11	119997437	119999292	-	0.0240944073784417	0.0896567910988814	0.0655623837204398	0.0290800772771258
chr11:clu_1683_-	Slc38a10	chr11:119997436:120000258:clu_1683_-	chr11	119997437	120000257	-	0.852377758188784	0.808522115440888	-0.0438556427478952	0.0290800772771258
chr17:clu_3617_+	Fance	chr17:28541745:28545126:clu_3617_+	chr17	28541746	28545125	+	0.374270073195457	0.149828884889784	-0.224441188305673	0.0295553075587154
chr17:clu_3617_+	Fance	chr17:28541745:28542545:clu_3617_+	chr17	28541746	28542544	+	0.0314185507726682	0.204033952386727	0.172615401614059	0.0295553075587154
chr9:clu_8528_+	Ubp1	chr9:113801961:113802587:clu_8528_+	chr9	113801962	113802586	+	0.887205908282029	0.999999994472597	0.112794086190568	0.0295553075587154
chr9:clu_8528_+	Ubp1	chr9:113801961:113802633:clu_8528_+	chr9	113801962	113802632	+	0.112794091717971	5.527402990019291e-9	-0.112794086190568	0.0295553075587154
chr17:clu_3617_+	Fance	chr17:28539830:28541620:clu_3617_+	chr17	28539831	28541619	+	0.35054461901474	0.458963277912224	0.108418658897483	0.0295553075587154
chr10:clu_867_-	Nfic	chr10:81236905:81240658:clu_867_-	chr10	81236906	81240657	-	0.0432815433628709	0.128857272244553	0.0855757288816826	0.0295553075587154
chr11:clu_1387_-	Erlec1	chr11:30898523:30899906:clu_1387_-	chr11	30898524	30899905	-	0.0693174975775939	1.07235441486491e-9	-0.0693174965052395	0.0295553075587154
chr11:clu_1387_-	Erlec1	chr11:30898523:30899943:clu_1387_-	chr11	30898524	30899942	-	0.930682502422406	0.999999998927646	0.0693174965052394	0.0295553075587154
chr17:clu_3617_+	Fance	chr17:28541745:28545068:clu_3617_+	chr17	28541746	28545067	+	0.0702586059291807	0.0141170039262876	-0.056141602002893	0.0295553075587154
chr19:clu_4204_-	Dpf2	chr19:5952462:5952659:clu_4204_-	chr19	5952463	5952658	-	1.47977174581795e-8	0.0510034985407493	0.0510034837430319	0.0295553075587154
chr19:clu_4204_-	Dpf2	chr19:5952519:5952659:clu_4204_-	chr19	5952520	5952658	-	0.999999985202283	0.948996501459251	-0.0510034837430319	0.0295553075587154
chr10:clu_867_-	Nfic	chr10:81239262:81240658:clu_867_-	chr10	81239263	81240657	-	0.50218914998126	0.457266697992226	-0.0449224519890341	0.0295553075587154
chr10:clu_867_-	Nfic	chr10:81236905:81239186:clu_867_-	chr10	81236906	81239185	-	0.454529306655869	0.413876029763221	-0.0406532768926487	0.0295553075587154
chr17:clu_3617_+	Fance	chr17:28539830:28545126:clu_3617_+	chr17	28539831	28545125	+	0.13765896988045	0.131030653742217	-0.00662831613823298	0.0295553075587154
chr17:clu_3617_+	Fance	chr17:28542639:28545126:clu_3617_+	chr17	28542640	28545125	+	0.0358491812075036	0.0420262271427615	0.00617704593525785	0.0295553075587154
chr10:clu_562_+	Hbs1l	chr10:21183678:21184998:clu_562_+	chr10	21183679	21184997	+	0.331888237525048	0.0532314277135967	-0.278656809811451	0.0303216695145026
chr10:clu_562_+	Hbs1l	chr10:21183678:21212866:clu_562_+	chr10	21183679	21212865	+	0.660418639729663	0.870615600258341	0.210196960528678	0.0303216695145026
chr10:clu_562_+	Hbs1l	chr10:21183678:21212875:clu_562_+	chr10	21183679	21212874	+	0.00769312274528892	0.0761529720280625	0.0684598492827736	0.0303216695145026
chr17:clu_3675_+	Ddah2	chr17:35280100:35280501:clu_3675_+	chr17	35280101	35280500	+	0.00618455027704163	0.060072605006635	0.0538880547295933	0.0314792683885025
chr17:clu_3675_+	Ddah2	chr17:35280100:35280452:clu_3675_+	chr17	35280101	35280451	+	0.993815449722958	0.939927394993365	-0.0538880547295932	0.0314792683885025
chr6:clu_6662_-	Tmem40	chr6:115713397:115719271:clu_6662_-	chr6	115713398	115719270	-	0.0651741935017444	0.303411475703584	0.23823728220184	0.0320630500324552
chr6:clu_6662_-	Tmem40	chr6:115713397:115715909:clu_6662_-	chr6	115713398	115715908	-	0.319778171653135	0.168772857095939	-0.151005314557196	0.0320630500324552
chr12:clu_1982_+	Ifi27	chr12:103402941:103403935:clu_1982_+	chr12	103402942	103403934	+	0.148082947257789	0.272840098215806	0.124757150958017	0.0320630500324552
chr6:clu_6662_-	Tmem40	chr6:115715983:115719271:clu_6662_-	chr6	115715984	115719270	-	0.159338761526973	0.0500783605491659	-0.109260400977807	0.0320630500324552
chr6:clu_6662_-	Tmem40	chr6:115713397:115718502:clu_6662_-	chr6	115713398	115718501	-	0.0213224553820793	0.113143542579821	0.0918210871977412	0.0320630500324552
chr12:clu_1982_+	Ifi27	chr12:103403783:103403935:clu_1982_+	chr12	103403784	103403934	+	0.502332441441706	0.412784618153281	-0.0895478232884245	0.0320630500324552
chr6:clu_6662_-	Tmem40	chr6:115715983:115718502:clu_6662_-	chr6	115715984	115718501	-	0.198963594964851	0.110157869968314	-0.0888057249965373	0.0320630500324552
chr2:clu_4614_+	Pkig	chr2:163501155:163545406:clu_4614_+	chr2	163501156	163545405	+	0.0668926790217298	0.00497424033398919	-0.0619184386877406	0.0320630500324552
chr2:clu_4614_+	Pkig	chr2:163500412:163563048:clu_4614_+	chr2	163500413	163563047	+	0.0662187901291761	0.0112907951777784	-0.0549279949513977	0.0320630500324552
chr12:clu_1982_+	Ifi27	chr12:103402941:103403649:clu_1982_+	chr12	103402942	103403648	+	0.302682448212114	0.248866018533596	-0.0538164296785185	0.0320630500324552
chr2:clu_4614_+	Pkig	chr2:163500579:163563048:clu_4614_+	chr2	163500580	163563047	+	1.8699559291492e-4	0.0486984172293211	0.0485114216364062	0.0320630500324552
chr2:clu_4614_+	Pkig	chr2:163545475:163563048:clu_4614_+	chr2	163545476	163563047	+	0.513032693252438	0.554615623440437	0.0415829301879985	0.0320630500324552
chr2:clu_4614_+	Pkig	chr2:163500412:163545406:clu_4614_+	chr2	163500413	163545405	+	0.211942383202057	0.17674461327065	-0.0351977699314073	0.0320630500324552
chr2:clu_4614_+	Pkig	chr2:163500579:163545406:clu_4614_+	chr2	163500580	163545405	+	0.0850242181480862	0.114380709808602	0.0293564916605159	0.0320630500324552
chr6:clu_6662_-	Tmem40	chr6:115718633:115719271:clu_6662_-	chr6	115718634	115719270	-	0.235422822971217	0.254435894103176	0.0190130711319585	0.0320630500324552
chr12:clu_1982_+	Ifi27	chr12:103402941:103403709:clu_1982_+	chr12	103402942	103403708	+	0.0469021630883908	0.0655092650973167	0.0186071020089258	0.0320630500324552
chr2:clu_4614_+	Pkig	chr2:163503526:163563048:clu_4614_+	chr2	163503527	163563047	+	0.024997520990202	0.0397029793709062	0.0147054583807043	0.0320630500324552
chr2:clu_4614_+	Pkig	chr2:163503526:163545406:clu_4614_+	chr2	163503527	163545405	+	0.0149583833365706	0.0281327311838229	0.0131743478472523	0.0320630500324552
chr2:clu_4614_+	Pkig	chr2:163500579:163501070:clu_4614_+	chr2	163500580	163501069	+	0.0167463363268253	0.0214598901844937	0.00471355385766841	0.0320630500324552
chr13:clu_2087_+	Kdm1b	chr13:47207211:47211153:clu_2087_+	chr13	47207212	47211152	+	3.02737922745676e-8	0.30691009450841	0.306910064234618	0.0338179121283825
chr13:clu_2087_+	Kdm1b	chr13:47207211:47212252:clu_2087_+	chr13	47207212	47212251	+	0.999999969726208	0.69308990549159	-0.306910064234618	0.0338179121283825
chrX:clu_8798_+	Gprasp1	chrX:134697786:134698302:clu_8798_+	chrX	134697787	134698301	+	0.451355886386014	0.154750334870165	-0.29660555151585	0.0338179121283825
chr3:clu_5342_+	Dram2	chr3:106462624:106469065:clu_5342_+	chr3	106462625	106469064	+	0.417154220700493	0.132591310719862	-0.284562909980631	0.0338179121283825
chrX:clu_8798_+	Gprasp1	chrX:134697085:134697698:clu_8798_+	chrX	134697086	134697697	+	0.372047671080736	0.545166210134192	0.173118539053456	0.0338179121283825
chr2:clu_4521_+	Tubgcp4	chr2:121014980:121018613:clu_4521_+	chr2	121014981	121018612	+	0.159662593605164	0.00521087170946545	-0.154451721895699	0.0338179121283825
chr3:clu_5342_+	Dram2	chr3:106459596:106469065:clu_5342_+	chr3	106459597	106469064	+	6.55113645158265e-5	0.149314284551877	0.149248773187361	0.0338179121283825
chr17:clu_3649_+	Adamts10	chr17:33749263:33750554:clu_3649_+	chr17	33749264	33750553	+	0.851346960446778	0.999999999999771	0.148653039552993	0.0338179121283825
chr17:clu_3649_+	Adamts10	chr17:33749435:33750554:clu_3649_+	chr17	33749436	33750553	+	0.148653039553222	2.29262238540035e-13	-0.148653039552993	0.0338179121283825
chrX:clu_8798_+	Gprasp1	chrX:134697085:134698302:clu_8798_+	chrX	134697086	134698301	+	0.17659644253325	0.300083454995643	0.123487012462394	0.0338179121283825
chr4:clu_5778_-	Mpl	chr4:118314142:118314305:clu_5778_-	chr4	118314143	118314304	-	0.0186728323410158	0.138883542939444	0.120210710598428	0.0338179121283825
chr4:clu_5778_-	Mpl	chr4:118314051:118314305:clu_5778_-	chr4	118314052	118314304	-	0.917004728330989	0.820280897742363	-0.096723830588626	0.0338179121283825
chr3:clu_5342_+	Dram2	chr3:106459596:106462483:clu_5342_+	chr3	106459597	106462482	+	0.0457872814794886	0.134497003936635	0.0887097224571468	0.0338179121283825
chr2:clu_4521_+	Tubgcp4	chr2:121014980:121015183:clu_4521_+	chr2	121014981	121015182	+	0.429279168661241	0.507132261301154	0.0778530926399129	0.0338179121283825
chr2:clu_4521_+	Tubgcp4	chr2:121015307:121018613:clu_4521_+	chr2	121015308	121018612	+	0.411058237733595	0.487656866989381	0.0765986292557859	0.0338179121283825
chr4:clu_5778_-	Mpl	chr4:118314213:118314305:clu_5778_-	chr4	118314214	118314304	-	0.0614942019522083	0.0068617562328594	-0.0546324457193489	0.0338179121283825
chr3:clu_5342_+	Dram2	chr3:106459596:106462480:clu_5342_+	chr3	106459597	106462479	+	0.536992986455503	0.583597400791626	0.0466044143361234	0.0338179121283825
chr4:clu_5778_-	Mpl	chr4:118314139:118314305:clu_5778_-	chr4	118314140	118314304	-	0.00282823737578682	0.033973803085334	0.0311455657095472	0.0338179121283825
chr17:clu_3731_+	Plcl2	chr17:50947219:50994740:clu_3731_+	chr17	50947220	50994739	+	9.52485083116622e-7	0.061111070401499	0.0611101179164159	0.0339323744028008
chr17:clu_3731_+	Plcl2	chr17:50947219:50975027:clu_3731_+	chr17	50947220	50975026	+	0.538964786556702	0.506028479859763	-0.0329363066969389	0.0339323744028008
chr17:clu_3731_+	Plcl2	chr17:50975136:50994740:clu_3731_+	chr17	50975137	50994739	+	0.461034260958215	0.432860449738738	-0.0281738112194769	0.0339323744028008
chr7:clu_7504_+	Ccp110	chr7:118331676:118334491:clu_7504_+	chr7	118331677	118334490	+	0.267170195255911	0.64849510372737	0.381324908471458	0.033959460612374
chr7:clu_7504_+	Ccp110	chr7:118331676:118332110:clu_7504_+	chr7	118331677	118332109	+	0.404397944889301	0.0847312096331188	-0.319666735256182	0.033959460612374
chr2:clu_4322_+	Mllt10	chr2:18175109:18191029:clu_4322_+	chr2	18175110	18191028	+	0.06214391947913	0.16206787823914	0.0999239587600098	0.033959460612374
chr7:clu_7504_+	Ccp110	chr7:118332195:118334491:clu_7504_+	chr7	118332196	118334490	+	0.328431859854788	0.266773686639511	-0.0616581732152766	0.033959460612374
chr2:clu_4322_+	Mllt10	chr2:18175109:18175854:clu_4322_+	chr2	18175110	18175853	+	0.506586299928308	0.452611251558237	-0.0539750483700709	0.033959460612374
chr2:clu_4322_+	Mllt10	chr2:18175886:18191029:clu_4322_+	chr2	18175887	18191028	+	0.431269780592562	0.385320870202623	-0.0459489103899389	0.033959460612374
chr10:clu_776_-	Myb	chr10:21024757:21026205:clu_776_-	chr10	21024758	21026204	-	0.982108679656807	0.999279942378493	0.0171712627216857	0.033959460612374
chr10:clu_776_-	Myb	chr10:21026113:21026205:clu_776_-	chr10	21026114	21026204	-	0.00898341878178618	3.6154845096649e-4	-0.00862187033081968	0.033959460612374
chr10:clu_776_-	Myb	chr10:21024757:21026048:clu_776_-	chr10	21024758	21026047	-	0.00890790156140682	3.5850917054081e-4	-0.008549392390866	0.033959460612374
chr7:clu_7381_+	Etfb,Etfbl	chr7:43106061:43106933:clu_7381_+	chr7	43106062	43106932	+	1.5592971849575701e-9	0.0169750423446115	0.0169750407853144	0.0344249345798382
chr7:clu_7381_+	Etfb,Etfbl	chr7:43106061:43106994:clu_7381_+	chr7	43106062	43106993	+	0.999999998440703	0.983024957655388	-0.0169750407853144	0.0344249345798382
chr11:clu_1016_+	Fbxw11	chr11:32602904:32661772:clu_1016_+	chr11	32602905	32661771	+	0.0102669163612592	0.12705112752505	0.116784211163791	0.0349622305560128
chr11:clu_1016_+	Fbxw11	chr11:32602904:32658188:clu_1016_+	chr11	32602905	32658187	+	0.157911631817359	0.0716292139506604	-0.0862824178666987	0.0349622305560128
chr11:clu_1016_+	Fbxw11	chr11:32592935:32658188:clu_1016_+	chr11	32592936	32658187	+	0.179805575248196	0.0980907263126468	-0.0817148489355492	0.0349622305560128
chr11:clu_1016_+	Fbxw11	chr11:32592935:32661772:clu_1016_+	chr11	32592936	32661771	+	0.245403990389731	0.293688629832502	0.0482846394427707	0.0349622305560128
chr11:clu_1016_+	Fbxw11	chr11:32658250:32661772:clu_1016_+	chr11	32658251	32661771	+	0.242693075505076	0.198095425719052	-0.0445976497860237	0.0349622305560128
chr11:clu_1016_+	Fbxw11	chr11:32592935:32602748:clu_1016_+	chr11	32592936	32602747	+	0.142324317212436	0.185554281688113	0.0432299644756769	0.0349622305560128
chr11:clu_1016_+	Fbxw11	chr11:32630302:32661772:clu_1016_+	chr11	32630303	32661771	+	0.0215944934659428	0.0258905949719755	0.00429610150603267	0.0349622305560128
chr2:clu_4943_-	Rbm39	chr2:156019305:156021097:clu_4943_-	chr2	156019306	156021096	-	0.376894743395625	0.789002952859925	0.4121082094643	0.0365987439658014
chr7:clu_7431_+	Prc1	chr7:79962879:79964862:clu_7431_+	chr7	79962880	79964861	+	0.24100076216894	0.524768420950121	0.283767658781181	0.0365987439658014
chr2:clu_4943_-	Rbm39	chr2:156020872:156021097:clu_4943_-	chr2	156020873	156021096	-	0.323012884879602	0.109337376504715	-0.213675508374887	0.0365987439658014
chr6:clu_6577_-	Igkv12-46,Igkv12-44,Igkv12-42,Igkv12-41,Igkv12-40,Igkv12-38	chr6:69791912:69792036:clu_6577_-	chr6	69791913	69792035	-	0.523961247472773	0.31563489840189	-0.208326349070883	0.0365987439658014
chr2:clu_4943_-	Rbm39	chr2:156019305:156020800:clu_4943_-	chr2	156019306	156020799	-	0.300092371724773	0.101659670635359	-0.198432701089414	0.0365987439658014
chr6:clu_6577_-	Igkv12-46,Igkv12-44,Igkv12-42,Igkv12-41,Igkv12-40,Igkv12-38	chr6:69835701:69835820:clu_6577_-	chr6	69835702	69835819	-	0.0518695481215516	0.237588368669685	0.185718820548134	0.0365987439658014
chr9:clu_8454_+	Atr	chr9:95747898:95749547:clu_8454_+	chr9	95747899	95749546	+	1.67582419756579e-7	0.158084687810603	0.158084520228183	0.0365987439658014
chr6:clu_6577_-	Igkv12-46,Igkv12-44,Igkv12-42,Igkv12-41,Igkv12-40,Igkv12-38	chr6:69741804:69741928:clu_6577_-	chr6	69741805	69741927	-	0.320903022856556	0.192041315972126	-0.12886170688443	0.0365987439658014
chr6:clu_6599_-	Usp39	chr6:72319951:72321868:clu_6599_-	chr6	72319952	72321867	-	0.881422394125674	0.99078844636255	0.109366052236875	0.0365987439658014
chr6:clu_6599_-	Usp39	chr6:72319951:72321875:clu_6599_-	chr6	72319952	72321874	-	0.118577605874326	0.00921155363745039	-0.109366052236875	0.0365987439658014
chr7:clu_7431_+	Prc1	chr7:79963316:79964862:clu_7431_+	chr7	79963317	79964861	+	0.291699764435613	0.182641771298048	-0.109057993137566	0.0365987439658014
chr9:clu_8454_+	Atr	chr9:95747898:95748636:clu_8454_+	chr9	95747899	95748635	+	0.614589757251372	0.517432614567165	-0.0971571426842063	0.0365987439658014
chr7:clu_7431_+	Prc1	chr7:79962956:79963275:clu_7431_+	chr7	79962957	79963274	+	0.237065788211863	0.148433505072047	-0.0886322831398157	0.0365987439658014
chr14:clu_2427_-	Acin1	chr14:54884060:54884160:clu_2427_-	chr14	54884061	54884159	-	0.835104456906411	0.746771737756201	-0.088332719150209807	0.0365987439658014
chr14:clu_2427_-	Acin1	chr14:54884024:54884160:clu_2427_-	chr14	54884025	54884159	-	0.164895543093589	0.253228262243799	0.0883327191502097	0.0365987439658014
chr7:clu_7431_+	Prc1	chr7:79962956:79964862:clu_7431_+	chr7	79962957	79964861	+	0.230233685183584	0.144156302679784	-0.0860773825037997	0.0365987439658014
chr2:clu_4641_+	2210418O10Rik,Zfp973,Gm14305	chr2:175968479:176403674:clu_4641_+	chr2	175968480	176403673	+	0.0391257412205361	0.10622681182445	0.0671010706039138	0.0365987439658014
chr15:clu_2967_-	Kmt2d	chr15:98738775:98739291:clu_2967_-	chr15	98738776	98739290	-	0.999999997752991	0.937409952151122	-0.0625900456018683	0.0365987439658014
chr15:clu_2967_-	Kmt2d	chr15:98738778:98739291:clu_2967_-	chr15	98738779	98739290	-	2.2470094145037e-9	0.0625900478488777	0.0625900456018682	0.0365987439658014
chr9:clu_8454_+	Atr	chr9:95748814:95749547:clu_8454_+	chr9	95748815	95749546	+	0.385410075166209	0.324482697622232	-0.0609273775439764	0.0365987439658014
chr2:clu_4641_+	2210418O10Rik,Zfp973,Gm14305	chr2:176403728:176410750:clu_4641_+	chr2	176403729	176410749	+	0.47518504000606	0.529113426840833	0.0539283868347729	0.0365987439658014
chr2:clu_4641_+	2210418O10Rik,Zfp973,Gm14305	chr2:176400217:176403674:clu_4641_+	chr2	176400218	176403673	+	0.353889984295235	0.304335049829658	-0.0495549344655762	0.0365987439658014
chr2:clu_4641_+	2210418O10Rik,Zfp973,Gm14305	chr2:176400217:176410750:clu_4641_+	chr2	176400218	176410749	+	0.0637450321806699	0.029197967869862	-0.0345470643108079	0.0365987439658014
chr2:clu_4641_+	2210418O10Rik,Zfp973,Gm14305	chr2:176403728:176405034:clu_4641_+	chr2	176403729	176405033	+	0.029927363876877	1.09407743725977e-5	-0.0299164231025044	0.0365987439658014
chr6:clu_6577_-	Igkv12-46,Igkv12-44,Igkv12-42,Igkv12-41,Igkv12-40,Igkv12-38	chr6:69835701:69920584:clu_6577_-	chr6	69835702	69920583	-	0.0181180203726901	0.0447488636028891	0.0266308432301991	0.0365987439658014
chr6:clu_6577_-	Igkv12-46,Igkv12-44,Igkv12-42,Igkv12-41,Igkv12-40,Igkv12-38	chr6:69835701:69856755:clu_6577_-	chr6	69835702	69856754	-	0.00799671057508189	0.0321784177531658	0.0241817071780839	0.0365987439658014
chr6:clu_6577_-	Igkv12-46,Igkv12-44,Igkv12-42,Igkv12-41,Igkv12-40,Igkv12-38	chr6:69856631:69920584:clu_6577_-	chr6	69856632	69920583	-	0.00822828595304416	0.0317955186603027	0.0235672327072586	0.0365987439658014
chr6:clu_6577_-	Igkv12-46,Igkv12-44,Igkv12-42,Igkv12-41,Igkv12-40,Igkv12-38	chr6:69791912:69835820:clu_6577_-	chr6	69791913	69835819	-	0.0081318646169947	0.0309157508313427	0.022783886214348	0.0365987439658014
chr6:clu_6577_-	Igkv12-46,Igkv12-44,Igkv12-42,Igkv12-41,Igkv12-40,Igkv12-38	chr6:69791912:69812181:clu_6577_-	chr6	69791913	69812180	-	0.0158855309681527	0.0349019571448678	0.0190164261767151	0.0365987439658014
chr6:clu_6577_-	Igkv12-46,Igkv12-44,Igkv12-42,Igkv12-41,Igkv12-40,Igkv12-38	chr6:69920467:69920584:clu_6577_-	chr6	69920468	69920583	-	0.00821236673976615	0.0251920230094916	0.0169796562697254	0.0365987439658014
chr10:clu_948_-	Myl6	chr10:128329435:128329678:clu_948_-	chr10	128329436	128329677	-	0.999658197216109	0.986193664219965	-0.0134645329961437	0.0365987439658014
chr10:clu_948_-	Myl6	chr10:128329435:128329869:clu_948_-	chr10	128329436	128329868	-	3.4180278389091e-4	0.0138063357800346	0.0134645329961437	0.0365987439658014
chr6:clu_6577_-	Igkv12-46,Igkv12-44,Igkv12-42,Igkv12-41,Igkv12-40,Igkv12-38	chr6:69741804:69792036:clu_6577_-	chr6	69741805	69792035	-	0.0177245834486086	0.0251529343190659	0.00742835087045726	0.0365987439658014
chr2:clu_4641_+	2210418O10Rik,Zfp973,Gm14305	chr2:175968479:175971918:clu_4641_+	chr2	175968480	175971917	+	0.0381268384206226	0.0311158028608243	-0.00701103555979829	0.0365987439658014
chr6:clu_6577_-	Igkv12-46,Igkv12-44,Igkv12-42,Igkv12-41,Igkv12-40,Igkv12-38	chr6:69741804:69812181:clu_6577_-	chr6	69741805	69812180	-	0.00312659423742241	0.00871515500066078	0.00558856076323837	0.0365987439658014
chr11:clu_1633_-	Ddx5	chr11:106677370:106677735:clu_1633_-	chr11	106677371	106677734	-	0.999716835439965	0.995084588623107	-0.0046322468168577	0.0365987439658014
chr11:clu_1633_-	Ddx5	chr11:106677366:106677735:clu_1633_-	chr11	106677367	106677734	-	2.8316456003506e-4	0.00491541137689273	0.00463224681685767	0.0365987439658014
chr6:clu_6577_-	Igkv12-46,Igkv12-44,Igkv12-42,Igkv12-41,Igkv12-40,Igkv12-38	chr6:69791912:69920584:clu_6577_-	chr6	69791913	69920583	-	0.0083632717114134909	0.0110462445716068	0.00268297286019332	0.0365987439658014
chr6:clu_6577_-	Igkv12-46,Igkv12-44,Igkv12-42,Igkv12-41,Igkv12-40,Igkv12-38	chr6:69791912:69856755:clu_6577_-	chr6	69791913	69856754	-	0.00747895292594614	0.0100885520629063	0.00260959913696019	0.0365987439658014
chr5:clu_6208_-	Dmtf1	chr5:9182613:9186066:clu_6208_-	chr5	9182614	9186065	-	0.529377750899423	0.432413616761614	-0.0969641341378084	0.0370175372375244
chr5:clu_6208_-	Dmtf1	chr5:9181308:9186066:clu_6208_-	chr5	9181309	9186065	-	2.26571226426299e-7	0.0726166271046429	0.0726164005334165	0.0370175372375244
chr5:clu_6208_-	Dmtf1	chr5:9181308:9182456:clu_6208_-	chr5	9181309	9182455	-	0.470622022529351	0.494969756133743	0.0243477336043919	0.0370175372375244
chr2:clu_5008_-	Zfp512b	chr2:181230313:181230418:clu_5008_-	chr2	181230314	181230417	-	0.195281162859226	0.0568520972164127	-0.138429065642813	0.0370764493712244
chr2:clu_5008_-	Zfp512b	chr2:181230313:181230448:clu_5008_-	chr2	181230314	181230447	-	0.804718837140774	0.943147902783587	0.138429065642813	0.0370764493712244
chr7:clu_7439_+	Efl1	chr7:82307349:82307475:clu_7439_+	chr7	82307350	82307474	+	0.317336604665354	0.0130421638828336	-0.304294440782521	0.0371665115853753
chr7:clu_7439_+	Efl1	chr7:82307349:82320813:clu_7439_+	chr7	82307350	82320812	+	0.682663395334646	0.986957836117166	0.304294440782521	0.0371665115853753
chr10:clu_754_-	Rmnd1	chr10:4368631:4372082:clu_754_-	chr10	4368632	4372081	-	0.988649057824425	0.748542625958786	-0.240106431865639	0.0371665115853753
chr10:clu_754_-	Rmnd1	chr10:4369901:4372082:clu_754_-	chr10	4369902	4372081	-	0.0113509421755754	0.251457374041214	0.240106431865639	0.0371665115853753
chr2:clu_4859_-	Aqr	chr2:113935842:113936281:clu_4859_-	chr2	113935843	113936280	-	0.12677193292354	0.00307208410772234	-0.123699848815818	0.0371665115853753
chr2:clu_4859_-	Aqr	chr2:113934598:113936281:clu_4859_-	chr2	113934599	113936280	-	0.87322806707646	0.996927915892278	0.123699848815817	0.0371665115853753
chr17:clu_3774_+	Eml4	chr17:83658668:83689918:clu_3774_+	chr17	83658669	83689917	+	0.02321040495193	0.0960131761426608	0.0728027711907308	0.0371665115853753
chr17:clu_3774_+	Eml4	chr17:83658668:83717455:clu_3774_+	chr17	83658669	83717454	+	0.97678959504807	0.903986823857339	-0.0728027711907306	0.0371665115853753
chr10:clu_828_-	Pcnt	chr10:76254400:76255812:clu_828_-	chr10	76254401	76255811	-	0.536390827304124	0.803785605251167	0.267394777947043	0.037455278070575
chr10:clu_828_-	Pcnt	chr10:76254403:76255812:clu_828_-	chr10	76254404	76255811	-	0.463609172695876	0.196214394748833	-0.267394777947043	0.037455278070575
chr16:clu_3156_-	Adcy9	chr16:4141821:4235717:clu_3156_-	chr16	4141822	4235716	-	0.420923485440745	0.225328522224484	-0.195594963216261	0.037455278070575
chr16:clu_3156_-	Adcy9	chr16:4130653:4235717:clu_3156_-	chr16	4130654	4235716	-	0.00841040105392157	0.167776055634096	0.159365654580174	0.037455278070575
chr11:clu_1585_-	Dnajc7	chr11:100475881:100480724:clu_1585_-	chr11	100475882	100480723	-	0.879124115532404	0.990905419389285	0.111781303856881	0.037455278070575
chr11:clu_1585_-	Dnajc7	chr11:100480604:100480724:clu_1585_-	chr11	100480605	100480723	-	0.0747965152844476	0.00562753780425931	-0.0691689774801883	0.037455278070575
chr16:clu_3015_+	Ntan1	chr16:13644768:13644924:clu_3015_+	chr16	13644769	13644923	+	7.88536946382753e-6	0.0572921577733838	0.05728427240392	0.037455278070575
chr16:clu_3015_+	Ntan1	chr16:13644989:13645252:clu_3015_+	chr16	13644990	13645251	+	0.439530116782926	0.394946824609854	-0.0445832921730721	0.037455278070575
chr11:clu_1585_-	Dnajc7	chr11:100475881:100480505:clu_1585_-	chr11	100475882	100480504	-	0.0460793691831487	0.00346704280645549	-0.0426123263766932	0.037455278070575
chr16:clu_3156_-	Adcy9	chr16:4130653:4141631:clu_3156_-	chr16	4130654	4141630	-	0.570666113505333	0.60689542214142	0.036229308636087	0.037455278070575
chr16:clu_3015_+	Ntan1	chr16:13644849:13644924:clu_3015_+	chr16	13644850	13644923	+	0.226589928706817	0.203606008813107	-0.0229839198937095	0.037455278070575
chr16:clu_3015_+	Ntan1	chr16:13637300:13644747:clu_3015_+	chr16	13637301	13644746	+	0.221561676521877	0.199087792295177	-0.0224738842267002	0.037455278070575
chr16:clu_3015_+	Ntan1	chr16:13637300:13644924:clu_3015_+	chr16	13637301	13644923	+	0.0990457415500264	0.116623495917786	0.0175777543677599	0.037455278070575
chr16:clu_3015_+	Ntan1	chr16:13637300:13645252:clu_3015_+	chr16	13637301	13645251	+	0.0132646510688899	0.0284437205906918	0.0151790695218019	0.037455278070575
chr16:clu_3123_+	Riox2	chr16:59303471:59306896:clu_3123_+	chr16	59303472	59306895	+	0.405624624940645	0.291214051467152	-0.114410573473493	0.0387296771186778
chr16:clu_3123_+	Riox2	chr16:59300782:59306896:clu_3123_+	chr16	59300783	59306895	+	1.18873703038326e-7	0.0645176411675503	0.0645175222938473	0.0387296771186778
chr16:clu_3123_+	Riox2	chr16:59300782:59303368:clu_3123_+	chr16	59300783	59303367	+	0.594375256185652	0.644268307365297	0.0498930511796456	0.0387296771186778
chr12:clu_1765_-	Cox16,S2bpcox16	chr12:81518945:81521361:clu_1765_-	chr12	81518946	81521360	-	0.0264334514129259	0.267070921074986	0.24063746966206	0.0411223645875193
chr12:clu_1765_-	Cox16,S2bpcox16	chr12:81406118:81521361:clu_1765_-	chr12	81406119	81521360	-	0.597053100060606	0.449478856437431	-0.147574243623175	0.0411223645875193
chr12:clu_1765_-	Cox16,S2bpcox16	chr12:81519125:81521361:clu_1765_-	chr12	81519126	81521360	-	0.376513448526468	0.283450222487583	-0.0930632260388849	0.0411223645875193
chr9:clu_8475_+	Wdr82	chr9:106060914:106061379:clu_8475_+	chr9	106060915	106061378	+	0.469858883566826	0.544421283692563	0.0745624001257369	0.0411223645875193
chr9:clu_8475_+	Wdr82	chr9:106057831:106060815:clu_8475_+	chr9	106057832	106060814	+	0.501443746061778	0.454043664246522	-0.0474000818152561	0.0411223645875193
chr9:clu_8475_+	Wdr82	chr9:106057831:106061379:clu_8475_+	chr9	106057832	106061378	+	0.0286973703713964	0.00153505206091549	-0.0271623183104809	0.0411223645875193
chr8:clu_7753_-	Mbtps1	chr8:120274624:120285385:clu_7753_-	chr8	120274625	120285384	-	0.65442926727677	0.967143303655913	0.312714036379143	0.0413697308152225
chr15:clu_2862_-	Trappc9	chr15:72903492:72922444:clu_2862_-	chr15	72903493	72922443	-	0.847853897454801	0.543895965141025	-0.303957932313777	0.0413697308152225
chr8:clu_7753_-	Mbtps1	chr8:120274624:120276297:clu_7753_-	chr8	120274625	120276296	-	0.211586063724645	0.0201193549348659	-0.191466708789779	0.0413697308152225
chr14:clu_2621_+	Wdfy2	chr14:63137777:63162579:clu_2621_+	chr14	63137778	63162578	+	0.555146546902708	0.393177805934318	-0.16196874096839	0.0413697308152225
chr15:clu_2862_-	Trappc9	chr15:72903492:72914026:clu_2862_-	chr15	72903493	72914025	-	0.0910184244641736	0.248306097466917	0.157287673002743	0.0413697308152225
chr15:clu_2862_-	Trappc9	chr15:72914052:72922444:clu_2862_-	chr15	72914053	72922443	-	0.0611276780810251	0.207797937392059	0.146670259311034	0.0413697308152225
chr8:clu_7753_-	Mbtps1	chr8:120276445:120285385:clu_7753_-	chr8	120276446	120285384	-	0.133984668998585	0.0127373414092214	-0.121247327589364	0.0413697308152225
chr14:clu_2621_+	Wdfy2	chr14:63123326:63162579:clu_2621_+	chr14	63123327	63162578	+	0.0067545229974587	0.106210350421763	0.0994558274243043	0.0413697308152225
chr14:clu_2621_+	Wdfy2	chr14:63123326:63137704:clu_2621_+	chr14	63123327	63137703	+	0.438098930099834	0.500611843643919	0.0625129135440857	0.0413697308152225
chr19:clu_4232_-	Gm44505,Zfp91	chr19:12755407:12755988:clu_4232_-	chr19	12755408	12755987	-	0.0551654181822152	0.00444588252174956	-0.0507195356604656	0.0413697308152225
chr19:clu_4232_-	Gm44505,Zfp91	chr19:12755410:12755988:clu_4232_-	chr19	12755411	12755987	-	0.944834581817785	0.99555411747825	0.0507195356604656	0.0413697308152225
chr17:clu_3507_-	Prkd3	chr17:79270008:79273604:clu_3507_-	chr17	79270009	79273603	-	0.947536832718814	0.856794880168513	-0.0907419525503013	0.0417837428781257
chr17:clu_3507_-	Prkd3	chr17:79270005:79273604:clu_3507_-	chr17	79270006	79273603	-	0.0524631672811859	0.143205119831487	0.0907419525503012	0.0417837428781257
chr19:clu_4196_-	Ehbp1l1	chr19:5767224:5770714:clu_4196_-	chr19	5767225	5770713	-	0.509137210386548	0.105229122985259	-0.403908087401289	0.0419736806647032
chr19:clu_4196_-	Ehbp1l1	chr19:5767224:5769976:clu_4196_-	chr19	5767225	5769975	-	0.0767781990724411	0.24937180259605	0.172593603523609	0.0419736806647032
chr19:clu_4196_-	Ehbp1l1	chr19:5767224:5770213:clu_4196_-	chr19	5767225	5770212	-	0.160257738390161	0.298267509741874	0.138009771351713	0.0419736806647032
chr4:clu_5566_+	Pafah2	chr4:134147350:134149689:clu_5566_+	chr4	134147351	134149688	+	0.999999974691405	0.892167501207701	-0.107832473483705	0.0419736806647032
chr4:clu_5566_+	Pafah2	chr4:134147350:134149761:clu_5566_+	chr4	134147351	134149760	+	2.53085944783226e-8	0.107832498792299	0.107832473483705	0.0419736806647032
chr10:clu_916_-	Cnot2	chr10:116363854:116384938:clu_916_-	chr10	116363855	116384937	-	0.0653074543917021	0.162017039567853	0.0967095851761507	0.0419736806647032
chr10:clu_916_-	Cnot2	chr10:116343093:116353222:clu_916_-	chr10	116343094	116353221	-	0.328075461587362	0.233650491495209	-0.0944249700921531	0.0419736806647032
chr19:clu_4196_-	Ehbp1l1	chr19:5767224:5769802:clu_4196_-	chr19	5767225	5769801	-	0.253826852150851	0.347131564676817	0.0933047125259664	0.0419736806647032
chr17:clu_3304_-	Wtap	chr17:13188446:13194183:clu_3304_-	chr17	13188447	13194182	-	0.948544780368826	0.999999998604838	0.0514552182360117	0.0419736806647032
chr17:clu_3304_-	Wtap	chr17:13193966:13194183:clu_3304_-	chr17	13193967	13194182	-	0.0514552196311736	1.3951618796694502e-9	-0.0514552182360117	0.0419736806647032
chr10:clu_916_-	Cnot2	chr10:116353288:116363732:clu_916_-	chr10	116353289	116363731	-	0.27487844684552	0.231014170077461	-0.0438642767680594	0.0419736806647032
chr7:clu_7528_+	Srcap	chr7:127111510:127115114:clu_7528_+	chr7	127111511	127115113	+	0.0595283341707492	0.0171812156359206	-0.0423471185348286	0.0419736806647032
chr5:clu_6143_+	Lrch4,Gm20605	chr5:137636228:137636302:clu_6143_+	chr5	137636229	137636301	+	0.0411645173695084	0.00220529252769532	-0.0389592248418131	0.0419736806647032
chr5:clu_6143_+	Lrch4,Gm20605	chr5:137636228:137636328:clu_6143_+	chr5	137636229	137636327	+	0.958835482630492	0.997794707472305	0.038959224841813	0.0419736806647032
chr7:clu_7221_-	Ppp4c	chr7:126386782:126387289:clu_7221_-	chr7	126386783	126387288	-	0.961200972986801	0.998261122053478	0.037060149066677	0.0419736806647032
chr7:clu_7221_-	Ppp4c	chr7:126386782:126387117:clu_7221_-	chr7	126386783	126387116	-	0.0387990270131991	0.00173887794652229	-0.0370601490666768	0.0419736806647032
chr10:clu_916_-	Cnot2	chr10:116337222:116339940:clu_916_-	chr10	116337223	116339939	-	0.216927565062224	0.251243993888473	0.0343164288262488	0.0419736806647032
chr10:clu_916_-	Cnot2	chr10:116343093:116363732:clu_916_-	chr10	116343094	116363731	-	0.00538327540630463	0.039282109962988	0.0338988345566834	0.0419736806647032
chr10:clu_916_-	Cnot2	chr10:116363854:116373126:clu_916_-	chr10	116363855	116373125	-	0.0371135605560214	0.0105936460534195	-0.0265199145026018	0.0419736806647032
chr7:clu_7528_+	Srcap	chr7:127114482:127115114:clu_7528_+	chr7	127114483	127115113	+	0.0174403231076058	0.0436459131289101	0.0262055900213043	0.0419736806647032
chr7:clu_7528_+	Srcap	chr7:127113412:127114376:clu_7528_+	chr7	127113413	127114375	+	0.0232505041393434	0.00369007297632739	-0.019560431163016	0.0419736806647032
chr7:clu_7528_+	Srcap	chr7:127111802:127113337:clu_7528_+	chr7	127111803	127113336	+	0.0401955329104858	0.0585062033262882	0.0183106704158024	0.0419736806647032
chr7:clu_7528_+	Srcap	chr7:127113412:127115114:clu_7528_+	chr7	127113413	127115113	+	0.393198081684416	0.411468869016324	0.0182707873319081	0.0419736806647032
chr7:clu_7528_+	Srcap	chr7:127111510:127113337:clu_7528_+	chr7	127111511	127113336	+	0.464583546738346	0.448816636181105	-0.0157669105572414	0.0419736806647032
chr7:clu_7528_+	Srcap	chr7:127111802:127115114:clu_7528_+	chr7	127111803	127115113	+	0.001803677249054	0.0166910897351253	0.0148874124860713	0.0419736806647032
chr10:clu_916_-	Cnot2	chr10:116373183:116384938:clu_916_-	chr10	116373184	116384937	-	0.0163499855782333	0.00466729029682603	-0.0116826952814073	0.0419736806647032
chr10:clu_916_-	Cnot2	chr10:116353288:116384938:clu_916_-	chr10	116353289	116384937	-	0.0245917857774826	0.0335445144634665	0.00895272868598387	0.0419736806647032
chr10:clu_916_-	Cnot2	chr10:116337222:116353222:clu_916_-	chr10	116337223	116353221	-	0.0313724647951504	0.033986744194305	0.00261427939915466	0.0419736806647032
chr4:clu_5601_+	Ubr4	chr4:139162495:139163433:clu_5601_+	chr4	139162496	139163432	+	0.711848326357486	0.926702376990982	0.214854050633496	0.0419759605122315
chr4:clu_5601_+	Ubr4	chr4:139162495:139163260:clu_5601_+	chr4	139162496	139163259	+	0.161136364108457	0.0409884838437748	-0.120147880264683	0.0419759605122315
chr4:clu_5601_+	Ubr4	chr4:139163343:139163433:clu_5601_+	chr4	139163344	139163432	+	0.127015309534056	0.0323091391652432	-0.0947061703688133	0.0419759605122315
chr7:clu_7531_+	Srcap,Gm42715	chr7:127127661:127128307:clu_7531_+	chr7	127127662	127128306	+	0.437875992989255	0.614695522653708	0.176819529664453	0.0429748277238032
chr7:clu_7531_+	Srcap,Gm42715	chr7:127127661:127128310:clu_7531_+	chr7	127127662	127128309	+	0.562124007010744	0.385304477346292	-0.176819529664453	0.0429748277238032
chr19:clu_4291_-	Ablim1	chr19:57035497:57037894:clu_4291_-	chr19	57035498	57037893	-	0.835809559155819	0.981435371403523	0.145625812247704	0.0429748277238032
chr19:clu_4291_-	Ablim1	chr19:57035503:57037894:clu_4291_-	chr19	57035504	57037893	-	0.164190440844181	0.0185646285964769	-0.145625812247704	0.0429748277238032
chr11:clu_1369_-	Meis1	chr11:18831922:18833988:clu_1369_-	chr11	18831923	18833987	-	0.459966025552148	0.530345125406008	0.0703790998538601	0.0430361052271491
chr11:clu_1369_-	Meis1	chr11:18834082:18834387:clu_1369_-	chr11	18834083	18834386	-	0.376296976315318	0.336551505736351	-0.0397454705789664	0.0430361052271491
chr11:clu_1369_-	Meis1	chr11:18831922:18834387:clu_1369_-	chr11	18831923	18834386	-	0.163736998132534	0.13310336885764	-0.0306336292748938	0.0430361052271491
chr17:clu_3411_-	H2-K1	chr17:34218977:34219168:clu_3411_-	chr17	34218978	34219167	-	0.96845887925953	0.987243233301329	0.0187843540417991	0.0430361052271491
chr17:clu_3411_-	H2-K1	chr17:34219037:34219168:clu_3411_-	chr17	34219038	34219167	-	0.0315411207404701	0.012756766698671	-0.0187843540417991	0.0430361052271491
chr10:clu_932_-	Slc16a7	chr10:125213447:125225156:clu_932_-	chr10	125213448	125225155	-	0.202127602157611	0.735729252299144	0.533601650141533	0.0431728058900202
chr10:clu_932_-	Slc16a7	chr10:125177719:125213344:clu_932_-	chr10	125177720	125213343	-	0.558305709235402	0.228132301516112	-0.33017340771929	0.0431728058900202
chr10:clu_932_-	Slc16a7	chr10:125177719:125225156:clu_932_-	chr10	125177720	125225155	-	0.239566688606987	0.0361384461847441	-0.203428242422243	0.0431728058900202
chr2:clu_4370_+	Set	chr2:29959643:29960197:clu_4370_+	chr2	29959644	29960196	+	0.99999997185818	0.994591457857079	-0.00540851400110087	0.0438086092160616
chr2:clu_4370_+	Set	chr2:29959646:29960197:clu_4370_+	chr2	29959647	29960196	+	2.81418200547692e-8	0.00540854214292078	0.00540851400110072	0.0438086092160616
chr9:clu_8167_-	Arih1	chr9:59344198:59361685:clu_8167_-	chr9	59344199	59361684	-	0.475797530824253	0.50442245558728	0.0286249247630274	0.044147954849278
chr9:clu_8167_-	Arih1	chr9:59361752:59375080:clu_8167_-	chr9	59361753	59375079	-	0.0287031435296738	0.00189105261974178	-0.026812090909932	0.044147954849278
chr9:clu_8167_-	Arih1	chr9:59375147:59393262:clu_8167_-	chr9	59375148	59393261	-	0.0285588482406276	0.00188131675468864	-0.026677531485939	0.044147954849278
chr9:clu_8167_-	Arih1	chr9:59361752:59393262:clu_8167_-	chr9	59361753	59393261	-	0.454076674939439	0.480095354698125	0.0260186797586865	0.044147954849278
chr9:clu_8167_-	Arih1	chr9:59344198:59393262:clu_8167_-	chr9	59344199	59393261	-	0.0128638024660068	0.011709820340164	-0.00115398212584279	0.044147954849278
chr11:clu_1284_+	Kctd2	chr11:115320231:115321139:clu_1284_+	chr11	115320232	115321138	+	0.792188084518592	0.272707876237002	-0.51948020828159	0.0455906399475857
chrX:clu_8643_-	Dxz4	chrX:74774788:74779699:clu_8643_-	chrX	74774789	74779698	-	0.793954731108756	0.381480510095266	-0.41247422101349	0.0455906399475857
chr11:clu_1284_+	Kctd2	chr11:115320231:115320461:clu_1284_+	chr11	115320232	115320460	+	0.0274054166476938	0.382814346826645	0.355408930178951	0.0455906399475857
chr3:clu_5120_-	NA	chr3:95952137:95952206:clu_5120_-	chr3	95952138	95952205	-	0.221424329394674	0.533365939446221	0.311941610051547	0.0455906399475857
chr19:clu_4122_+	Btrc	chr19:45411679:45459454:clu_4122_+	chr19	45411680	45459453	+	0.00777844196573247	0.264299894346625	0.256521452380892	0.0455906399475857
chrX:clu_8643_-	Dxz4	chrX:74771124:74774626:clu_8643_-	chrX	74771125	74774625	-	0.106777489835636	0.339867665072409	0.233090175236773	0.0455906399475857
chr3:clu_5120_-	NA	chr3:95952001:95952206:clu_5120_-	chr3	95952002	95952205	-	0.280837689756184	0.0936640975143618	-0.187173592241822	0.0455906399475857
chrX:clu_8643_-	Dxz4	chrX:74771124:74779699:clu_8643_-	chrX	74771125	74779698	-	0.0992677790556079	0.278651824832325	0.179384045776717	0.0455906399475857
chr13:clu_2115_+	Rmi1	chr13:58550331:58554816:clu_2115_+	chr13	58550332	58554815	+	0.315597993068313	0.142959944784749	-0.172638048283564	0.0455906399475857
chr13:clu_2115_+	Rmi1	chr13:58550603:58554816:clu_2115_+	chr13	58550604	58554815	+	0.684402006931687	0.857040055215251	0.172638048283564	0.0455906399475857
chr4:clu_5425_+	Mdn1	chr4:32750035:32750250:clu_5425_+	chr4	32750036	32750249	+	0.822822930649538	0.995195809973218	0.172372879323679	0.0455906399475857
chr4:clu_5425_+	Mdn1	chr4:32750035:32750342:clu_5425_+	chr4	32750036	32750341	+	0.177177069350462	0.00480419002678256	-0.172372879323679	0.0455906399475857
chr11:clu_1284_+	Kctd2	chr11:115320852:115321139:clu_1284_+	chr11	115320853	115321138	+	0.180406498833714	0.344477776936353	0.164071278102639	0.0455906399475857
chrX:clu_8703_-	Msl3	chrX:167453304:167454139:clu_8703_-	chrX	167453305	167454138	-	0.251102851811829	0.0987796703235779	-0.152323181488251	0.0455906399475857
chrX:clu_8703_-	Msl3	chrX:167453307:167454139:clu_8703_-	chrX	167453308	167454138	-	0.748897148188171	0.901220329676422	0.152323181488251	0.0455906399475857
chr13:clu_2116_+	Naa35	chr13:59756658:59757293:clu_2116_+	chr13	59756659	59757292	+	0.511364497993676	0.364351798902874	-0.147012699090803	0.0455906399475857
chr18:clu_3796_-	Ss18	chr18:14769675:14773314:clu_3796_-	chr18	14769676	14773313	-	0.277622580081	0.423959877039621	0.146337296958621	0.0455906399475857
chr19:clu_4122_+	Btrc	chr19:45411679:45444972:clu_4122_+	chr19	45411680	45444971	+	0.522352642345816	0.387336135724823	-0.135016506620993	0.0455906399475857
chr19:clu_4122_+	Btrc	chr19:45445049:45459454:clu_4122_+	chr19	45445050	45459453	+	0.469868915688452	0.348363969928552	-0.1215049457599	0.0455906399475857
chr8:clu_7743_-	Mlkl	chr8:112042174:112042540:clu_7743_-	chr8	112042175	112042539	-	1.01049098039937e-6	0.119054805857355	0.119053795366375	0.0455906399475857
chr8:clu_7743_-	Mlkl	chr8:112042174:112042995:clu_7743_-	chr8	112042175	112042994	-	0.99999898950902	0.880945194142645	-0.119053795366375	0.0455906399475857
chr6:clu_6674_-	Wnk1	chr6:119928956:119933032:clu_6674_-	chr6	119928957	119933031	-	0.476550304859419	0.371951318747544	-0.104598986111875	0.0455906399475857
chr6:clu_6674_-	Wnk1	chr6:119929930:119933032:clu_6674_-	chr6	119929931	119933031	-	0.267032701660249	0.369993168372181	0.102960466711932	0.0455906399475857
chr4:clu_5714_-	Trim14	chr4:46517630:46521982:clu_5714_-	chr4	46517631	46521981	-	0.0569027471274026	0.139646404295257	0.0827436571678549	0.0455906399475857
chr4:clu_5714_-	Trim14	chr4:46510529:46521982:clu_5714_-	chr4	46510530	46521981	-	0.943097252872597	0.860353595704743	-0.0827436571678548	0.0455906399475857
chr3:clu_5120_-	NA	chr3:95952137:95952274:clu_5120_-	chr3	95952138	95952273	-	0.177270951363449	0.0979616179366996	-0.0793093334267497	0.0455906399475857
chr13:clu_2116_+	Naa35	chr13:59756009:59756575:clu_2116_+	chr13	59756010	59756574	+	0.483070362622632	0.559752118994596	0.0766817563719637	0.0455906399475857
chr13:clu_2116_+	Naa35	chr13:59756009:59757293:clu_2116_+	chr13	59756010	59757292	+	0.00556513938369181	0.0758960821025304	0.0703309427188386	0.0455906399475857
chr3:clu_5120_-	NA	chr3:95952001:95952274:clu_5120_-	chr3	95952002	95952273	-	0.124811116749246	0.0556056672049022	-0.0692054495443442	0.0455906399475857
chr18:clu_3796_-	Ss18	chr18:14769675:14770449:clu_3796_-	chr18	14769676	14770448	-	0.13343574839186	0.0917504211542181	-0.0416853272376423	0.0455906399475857
chr18:clu_3796_-	Ss18	chr18:14770541:14773314:clu_3796_-	chr18	14770542	14773313	-	0.101305116627061	0.0625736516889062	-0.0387314649381549	0.0455906399475857
chr18:clu_3796_-	Ss18	chr18:14773418:14774013:clu_3796_-	chr18	14773419	14774012	-	0.457577307592294	0.419162108343564	-0.0384151992487297	0.0455906399475857
chr6:clu_6674_-	Wnk1	chr6:119929930:119930732:clu_6674_-	chr6	119929931	119930731	-	0.00371833417057538	0.0366557807919715	0.0329374466213961	0.0455906399475857
chr6:clu_6674_-	Wnk1	chr6:119928956:119929646:clu_6674_-	chr6	119928957	119929645	-	0.252698659309757	0.221399732088304	-0.0312989272214528	0.0455906399475857
chr18:clu_3796_-	Ss18	chr18:14769675:14774013:clu_3796_-	chr18	14769676	14774012	-	0.0300592473077846	0.00255394177369039	-0.0275053055340942	0.0455906399475857
chr3:clu_5120_-	NA	chr3:95952069:95952206:clu_5120_-	chr3	95952070	95952205	-	0.195655912736446	0.219402677897816	0.0237467651613697	0.0455906399475857
chr17:clu_3421_-	Skic2	chr17:35065567:35065843:clu_3421_-	chr17	35065568	35065842	-	0.165117896139666	0.00714364506778595	-0.15797425107188	0.0465677357367083
chr17:clu_3421_-	Skic2	chr17:35065643:35065843:clu_3421_-	chr17	35065644	35065842	-	0.834882103860334	0.992856354932214	0.15797425107188	0.0465677357367083
chr2:clu_4826_-	Dgkz	chr2:91765204:91765426:clu_4826_-	chr2	91765205	91765425	-	0.917288781784681	0.993169835807438	0.075881054022757	0.0465677357367083
chr2:clu_4826_-	Dgkz	chr2:91765243:91765426:clu_4826_-	chr2	91765244	91765425	-	0.0827112182153191	0.00683016419256208	-0.075881054022757	0.0465677357367083
chr11:clu_1280_+	Mtnap1	chr11:113575636:113578600:clu_1280_+	chr11	113575637	113578599	+	0.00496031375295966	0.335731530615983	0.330771216863024	0.0473513583562761
chr11:clu_1280_+	Mtnap1	chr11:113575537:113578600:clu_1280_+	chr11	113575538	113578599	+	0.521001980120645	0.3478448746282	-0.173157105492445	0.0473513583562761
chr11:clu_1280_+	Mtnap1	chr11:113576097:113578600:clu_1280_+	chr11	113576098	113578599	+	0.474037706126396	0.316423594755817	-0.157614111370579	0.0473513583562761
chr1:clu_346_+	Cflar	chr1:58750751:58752455:clu_346_+	chr1	58750752	58752454	+	0.0536915029565421	0.245886902009745	0.192195399053203	0.0475720118518279
chr1:clu_346_+	Cflar	chr1:58750751:58752730:clu_346_+	chr1	58750752	58752729	+	0.946308497043458	0.754113097990255	-0.192195399053203	0.0475720118518279
chr11:clu_1325_+	Gps1	chr11:120675168:120675947:clu_1325_+	chr11	120675169	120675946	+	0.828319492018041	0.735491384023468	-0.0928281079945732	0.0476520287190682
chr11:clu_1325_+	Gps1	chr11:120675551:120675947:clu_1325_+	chr11	120675552	120675946	+	0.171680507981959	0.264508615976532	0.0928281079945732	0.0476520287190682
chr5:clu_6221_-	Srpk2	chr5:23712718:23718950:clu_6221_-	chr5	23712719	23718949	-	0.531535414511739	0.461556625327869	-0.069978789183871	0.0476520287190682
chr5:clu_6221_-	Srpk2	chr5:23712718:23718488:clu_6221_-	chr5	23712719	23718487	-	0.00966128042497205	0.0385542611576056	0.0288929807326335	0.0476520287190682
chr5:clu_6221_-	Srpk2	chr5:23718580:23718950:clu_6221_-	chr5	23718581	23718949	-	0.00426173936679322	0.0296573047173989	0.0253955653506057	0.0476520287190682
chr5:clu_6221_-	Srpk2	chr5:23712718:23719632:clu_6221_-	chr5	23712719	23719631	-	6.38201011422253e-5	0.0237779826062854	0.0237141625051431	0.0476520287190682
chr5:clu_6221_-	Srpk2	chr5:23719042:23719632:clu_6221_-	chr5	23719043	23719631	-	0.454477745595353	0.446453826190842	-0.00802391940451147	0.0476520287190682
chr10:clu_592_+	Psap	chr10:60131782:60134877:clu_592_+	chr10	60131783	60134876	+	0.954390907010385	0.857911172974539	-0.0964797340358459	0.0478774519693068
chr10:clu_592_+	Psap	chr10:60131782:60133317:clu_592_+	chr10	60131783	60133316	+	0.0206000786330293	0.0713366212992552	0.0507365426662259	0.0478774519693068
chr10:clu_592_+	Psap	chr10:60133325:60134877:clu_592_+	chr10	60133326	60134876	+	0.0250090143565856	0.0707522057262055	0.0457431913696199	0.0478774519693068
chr1:clu_181_-	Tmem183a	chr1:134280173:134282399:clu_181_-	chr1	134280174	134282398	-	0.459633610207483	0.679947538929369	0.220313928721886	0.0489767235086069
chr1:clu_181_-	Tmem183a	chr1:134280875:134282399:clu_181_-	chr1	134280876	134282398	-	0.301649581763347	0.0822009498171259	-0.219448631946221	0.0489767235086069
chr1:clu_181_-	Tmem183a	chr1:134280173:134280713:clu_181_-	chr1	134280174	134280712	-	0.20242689536525801	0.0561916074578639	-0.146235287907394	0.0489767235086069
chr1:clu_181_-	Tmem183a	chr1:134280872:134282399:clu_181_-	chr1	134280873	134282398	-	0.0362899126639124	0.181659903795642	0.145369991131729	0.0489767235086069
chr11:clu_1328_+	Hexd	chr11:121107902:121108914:clu_1328_+	chr11	121107903	121108913	+	0.263733286115711	0.76146102781646	0.497727741700749	0.0499354207163889
chr11:clu_1328_+	Hexd	chr11:121105750:121107719:clu_1328_+	chr11	121105751	121107718	+	0.493539561369167	0.215401230443181	-0.278138330925986	0.0499354207163889
chr4:clu_5853_-	Kdm1a	chr4:136304515:136320276:clu_5853_-	chr4	136304516	136320275	-	0.141042330515956	0.399186284065579	0.258143953549623	0.0499354207163889
chr11:clu_1328_+	Hexd	chr11:121105750:121108914:clu_1328_+	chr11	121105751	121108913	+	0.242727152515122	0.0231377417403595	-0.219589410774762	0.0499354207163889
chr1:clu_451_+	Rbbp5	chr1:132412539:132417326:clu_451_+	chr1	132412540	132417325	+	1.4693996805193e-9	0.172051703529575	0.172051702060176	0.0499354207163889
chr1:clu_451_+	Rbbp5	chr1:132412656:132417326:clu_451_+	chr1	132412657	132417325	+	0.9999999985306	0.827948296470425	-0.172051702060176	0.0499354207163889
chr4:clu_5853_-	Kdm1a	chr4:136309410:136320276:clu_5853_-	chr4	136309411	136320275	-	0.442922987012275	0.309674477789545	-0.13324850922273	0.0499354207163889
chr4:clu_5853_-	Kdm1a	chr4:136304515:136309351:clu_5853_-	chr4	136304516	136309350	-	0.416034682471769	0.291139238144876	-0.124895444326893	0.0499354207163889
