gene_name	lr_delta	sr_delta	leafcutter_SR	leafcutter_LR
Cdc14a	-0.4164	-0.19709220354447876	FALSE	FALSE
Mtm1	-0.1887	-0.3671532121553342	FALSE	TRUE
Erbin	0.1381	0.2200755090771952	FALSE	TRUE
Crlf3	-0.111	-0.1866332881991638	FALSE	TRUE
Atn1	0.7351	0.0827902052354545	FALSE	FALSE
Gm16758	0.5884	0.12188345798734064	FALSE	FALSE
Snhg8	0.4293	0.1202563310124316	FALSE	FALSE
Msmo1	-0.3562	-0.14896051062996274	FALSE	FALSE
Thada	0.3095	0.09334566050751696	FALSE	FALSE
Ppp3r1	-0.2904	-0.10132313538711712	FALSE	FALSE
Rbl1	-0.2748	-0.05949173938083685	FALSE	FALSE
Rpl22l1	-0.269	-0.07716777939853772	FALSE	FALSE
Mrpl33	-0.2609	-0.07533146396899976	FALSE	FALSE
Cox16	0.2477	0.06656839502872003	TRUE	TRUE
Mpzl1	0.2467	0.20635700612056615	FALSE	TRUE
Cd34	-0.2326	-0.09465210881763196	TRUE	TRUE
Atp5if1	0.2238	0.08961018848744684	FALSE	FALSE
Tcf19	0.2157	0.1947962664498482	FALSE	TRUE
2410006H16Rik	0.2141	0.109489367255155	FALSE	FALSE
Atp5mg	-0.2099	-0.07540812830654398	FALSE	FALSE
Cdc37l1	-0.1916	-0.06046147523632346	FALSE	TRUE
Ndufv3	0.1793	0.05562396702542616	FALSE	TRUE
Tmpo	-0.1781	-0.11089445968080408	FALSE	TRUE
Emp3	0.173	0.15243689223649137	FALSE	FALSE
Efcab14	-0.115	-0.06186812481827919	FALSE	FALSE
Idh3g	0.111	0.1867401320928733	FALSE	TRUE
Mrpl23	0.4005	0.06321792031467409	FALSE	FALSE
Ndufa13	0.3253	0.08998351901705043	FALSE	FALSE
Ndufa7	0.2486	0.06442109735407431	FALSE	FALSE
Ndufb8	0.2078	0.08461562872735984	FALSE	TRUE
Rbm34	-0.2001	-0.22353548298208745	FALSE	TRUE
Surf2	-0.1748	-0.22452149827391668	FALSE	TRUE
Gng5	0.1503	0.08394719565465725	FALSE	FALSE
Vps29	-0.1484	-0.06414198574044552	FALSE	TRUE
Pex2	-0.125	-0.06214342758391056	FALSE	TRUE
Atp11c	-0.1026	-0.16184524740490416	FALSE	FALSE
