sample	bin_start	n
A310	0	476
A310	100	2642
A310	200	1739
A310	300	3952
A310	400	11659
A310	500	19324
A310	600	37432
A310	700	61627
A310	800	132121
A310	900	159487
A310	1000	172999
A310	1100	314889
A310	1200	348881
A310	1300	355947
A310	1400	373343
A310	1500	473285
A310	1600	470734
A310	1700	566636
A310	1800	498631
A310	1900	487271
A310	2000	451256
A310	2100	479807
A310	2200	635823
A310	2300	372497
A310	2400	363496
A310	2500	277974
A310	2600	238652
A310	2700	227442
A310	2800	215060
A310	2900	193519
A310	3000	142340
A310	3100	122829
A310	3200	109818
A310	3300	99357
A310	3400	107684
A310	3500	87451
A310	3600	70328
A310	3700	66145
A310	3800	48986
A310	3900	37235
A310	4000	40550
A310	4100	34063
A310	4200	33666
A310	4300	28209
A310	4400	22481
A310	4500	18283
A310	4600	15572
A310	4700	13268
A310	4800	14591
A310	4900	10047
A310	5000	9799
A310	5100	11113
A310	5200	6821
A310	5300	6345
A310	5400	5317
A310	5500	4940
A310	5600	4459
A310	5700	3073
A310	5800	2675
A310	5900	2849
A310	6000	1888
A310	6100	2069
A310	6200	1549
A310	6300	1603
A310	6400	1300
A310	6500	1054
A310	6600	1134
A310	6700	1034
A310	6800	655
A310	6900	682
A310	7000	746
A310	7100	597
A310	7200	424
A310	7300	311
A310	7400	298
A310	7500	177
A310	7600	234
A310	7700	140
A310	7800	111
A310	7900	92
A310	8000	87
A310	8100	142
A310	8200	177
A310	8300	93
A310	8400	49
A310	8500	59
A310	8600	22
A310	8700	47
A310	8800	32
A310	8900	13
A310	9000	6
A310	9100	7
A310	9200	4
A310	9300	4
A310	9400	3
A310	9600	3
A310	9700	2
A310	9800	1
A310	9900	2
A310	10000	1
A310	10200	2
