raw total sequences:	5679950	# excluding supplementary and secondary reads
filtered sequences:	0
sequences:	5679950
is sorted:	1	# sorted by coordinate
1st fragments:	5679950
last fragments:	0
reads mapped:	5679352
reads mapped and paired:	0	# paired-end technology bit set + both mates mapped
reads unmapped:	598
reads properly paired:	0	# proper-pair bit set
reads paired:	0	# paired-end technology bit set
reads duplicated:	0	# PCR or optical duplicate bit set
reads MQ0:	34424	# mapped and MQ=0
reads QC failed:	0
non-primary alignments:	0
supplementary alignments:	12167
total length:	11960007942	# ignores clipping
total first fragment length:	11960007942	# ignores clipping
total last fragment length:	0	# ignores clipping
bases mapped:	11959745339	# ignores clipping
bases mapped (cigar):	11952449748	# more accurate
bases trimmed:	0
bases duplicated:	0
mismatches:	25761083	# from NM fields
error rate:	2.155297e-03	# mismatches / bases mapped (cigar)
average length:	2106
average first fragment length:	2106
average last fragment length:	0
maximum length:	10117
maximum first fragment length:	10117
maximum last fragment length:	0
average quality:	38.0
insert size average:	0.0
insert size standard deviation:	0.0
inward oriented pairs:	0
outward oriented pairs:	0
pairs with other orientation:	0
pairs on different chromosomes:	0
percentage of properly paired reads (%):	0.0
