transcript_ID	transcript_name	gene_ID	cpm_A310	mean_cpm_others
ENSMUST00000020779.11	Mpo-201	ENSMUSG00000009350.14	35386.6	15207.1
ENSMUST00000141118.10	Alas1-207	ENSMUSG00000032786.18	2436.0	639.6
ENSMUST00000046091.8	Elane-201	ENSMUSG00000020125.9	2733.1	1212.6
ENSMUST00000028222.14	Hspa5-201	ENSMUSG00000026864.15	4750.0	3726.6
ENSMUST00000028683.15	Pdia3-201	ENSMUSG00000027248.15	2902.3	1919.7
ENSMUST00000016033.10	Lta4h-201	ENSMUSG00000015889.10	1771.2	830.3
ENSMUST00000034834.17	Pkm-201	ENSMUSG00000032294.19	2605.9	1793.6
ENSMUST00000203220.4	Hnrnpa2b1-203	ENSMUSG00000004980.18	1890.9	1327.9
ENSMUST00000026122.12	P4hb-201	ENSMUSG00000025130.13	1504.8	944.6
ENSMUST00000023749.15	Tmbim6-201	ENSMUSG00000023010.17	1741.6	1183.0
