transcript_ID	transcript_name	A258	A309	A310	V334	V335	X504
ENSMUST00000468650.1	U2af1-210	5.0	1.0	1.0	1.0	1.0	2.0
ENSMUST00000014684.7	U2af1-201	372.0	482.3	344.2	212.8	651.7	260.0
ENSMUST00000468653.1	U2af1-213	64.0	78.9	0.0	0.0	0.0	33.0
ENSMUST00000236293.2	U2af1-206	48.0	25.0	28.0	45.0	81.0	30.0
ENSMUST00000563584.1	U2af1-216	9.1	2.1	0.0	0.0	0.0	2.0
ENSMUST00000236475.2	U2af1-207	3.0	3.0	1.0	1.0	1.0	2.0
ENSMUST00000237323.2	U2af1-208	8.1	8.1	12.1	3.0	8.0	5.0
ENSMUST00000166526.10	U2af1-202	71.6	54.4	52.3	32.7	73.2	38.0
ESPRESSO:chr17:554:6	NA	3.0	6.0	6.0	3.0	9.0	8.0
ESPRESSO:chr17:554:15	NA	0.0	2.0	10.1	4.1	3.0	0.0
ESPRESSO:chr17:554:2	NA	1.0	3.1	2.0	0.0	0.0	1.0
ESPRESSO:chr17:554:13	NA	1.0	1.0	6.0	7.2	16.0	8.0
ESPRESSO:chr17:554:4	NA	2.0	1.0	0.0	3.0	2.0	0.0
ESPRESSO:chr17:554:14	NA	1.0	2.0	4.0	1.0	2.0	4.0
ESPRESSO:chr17:554:12	NA	14.1	25.2	34.2	9.2	23.1	33.0
ESPRESSO:chr17:554:11	NA	2.0	2.0	1.0	0.0	0.0	2.0
