transcript1	transcript2	event	coordinates	gene_id	gene_name
ENSMUST00000100794.11	ESPRESSO:chr11:1182:7	COMPLEX	chr11:root:root:+;chr11:77692124:77692206:+;chr11:77708445:77708445:+;chr11:root:root:+;chr11:77654110:77654205:+;chr11:77668061:77669140:+;chr11:77708445:77708445:+	ENSMUSG00000000631.22	Myo18a
ENSMUST00000100794.11	ESPRESSO:chr11:1182:7	SE	chr11:77713489:77713500:+	ENSMUSG00000000631.22	Myo18a
ENSMUST00000052761.10	ENSMUST00000468421.1	SE	chrX:72825904:72825915:-	ENSMUSG00000002010.19	Idh3g
ENSMUST00000004094.16	ENSMUST00000042122.16	SE	chr13:91790421:91790510:+	ENSMUSG00000003992.17	Ssbp2
ENSMUST00000088357.13	ENSMUST00000507053.1	A3SS	chr6:124722983:124724949:-;chr6:124722983:124724952:-	ENSMUSG00000004263.17	Atn1
ESPRESSO:chr8:1370:55	ENSMUST00000005841.17	AFE	chr8:106362922:106363352:+;chr8:106363511:106364211:+	ENSMUSG00000005698.17	Ctcf
ENSMUST00000145664.9	ENSMUST00000008024.8	AFE	chr4:133479780:133480922:-;chr4:133483706:133484080:-	ENSMUSG00000007880.18	Arid1a
ENSMUST00000008812.9	ENSMUST00000173323.2	COMPLEX	chr17:root:root:-;chr17:34171515:34171377:-;chr17:root:root:-;chr17:34174651:34174592:-;chr17:34174150:34174052:-;chr17:34171565:34171377:-	ENSMUSG00000008668.17	Rps18
ENSMUST00000008812.9	ENSMUST00000173323.2	RI	chr17:34171093:34171194:-	ENSMUSG00000008668.17	Rps18
ENSMUST00000417086.1	ENSMUST00000048155.17	SE	chr12:83707082:83707135:+	ENSMUSG00000010608.17	Rbm25
ENSMUST00000391309.1	ESPRESSO:chr17:1207:4	COMPLEX	chr17:root:root:-;chr17:56733869:56733769:-;chr17:56733504:56733504:-;chr17:root:root:-;chr17:56769385:56769104:-;chr17:56765377:56765192:-;chr17:56762019:56761874:-;chr17:56761328:56761187:-;chr17:56758840:56758652:-;chr17:56754470:56754360:-;chr17:56745055:56744786:-;chr17:56743191:56742610:-;chr17:56742014:56741881:-;chr17:56741597:56741453:-;chr17:56736157:56735852:-;chr17:56735132:56734939:-;chr17:56733504:56733504:-	ENSMUSG00000013236.19	Ptprs
ENSMUST00000391309.1	ESPRESSO:chr17:1207:4	RI	chr17:56731978:56732326:-	ENSMUSG00000013236.19	Ptprs
ENSMUST00000014457.15	ENSMUST00000127999.2	COMPLEX	chr15:35938392:35935431:-;chr15:35938392:35938271:-;chr15:35937430:35937301:-;chr15:35935559:35935431:-	ENSMUSG00000014313.17	Cox6c
ENSMUST00000227863.2	ENSMUST00000014640.10	AFE	chr14:31502122:31502350:-;chr14:31552284:31552690:-	ENSMUSG00000014496.10	Ankrd28
ENSMUST00000015435.12	ESPRESSO:chrX:955:22	RI	chrX:73351477:73351735:+	ENSMUSG00000015291.12	Gdi1
ENSMUST00000113824.9	ENSMUST00000015501.12	SE	chr9:65219380:65219421:+	ENSMUSG00000015357.12	Clpx
ENSMUST00000110815.10	ENSMUST00000016638.9	A3SS	chr1:194642088:194643601:+;chr1:194642244:194643601:+	ENSMUSG00000016494.11	Cd34
ENSMUST00000103233.11	ENSMUST00000061283.16	SE	chr11:79939418:79939530:-	ENSMUSG00000017561.18	Crlf3
ENSMUST00000092857.14	ENSMUST00000017831.17	SE	chr11:80146688:80146783:+	ENSMUSG00000017686.19	Rhot1
ENSMUST00000132233.2	ENSMUST00000131011.2	COMPLEX	chr13:root:root:-;chr13:86194466:86193846:-;chr13:root:root:-;chr13:86195023:86194720:-;chr13:86193988:86193846:-	ENSMUSG00000017778.16	Cox7c
ENSMUST00000072239.15	ENSMUST00000099355.13	COMPLEX	chr10:90994610:90994610:-;chr10:90988600:90988600:-;chr10:90994610:90994610:-;chr10:90989259:90989140:-;chr10:90989042:90988947:-;chr10:90988600:90988600:-	ENSMUSG00000019961.19	Tmpo
ENSMUST00000125379.2	ENSMUST00000020209.17	COMPLEX	chr10:94039150:94039400:+;chr10:sink:sink:+;chr10:94039150:94039237:+;chr10:94056543:94057450:+;chr10:sink:sink:+	ENSMUSG00000020022.19	Ndufa12
ENSMUST00000543700.1	ENSMUST00000020579.10	COMPLEX	chr11:40598276:40597961:-;chr11:sink:sink:-;chr11:40598276:40598177:-;chr11:40596895:40596719:-;chr11:40594762:40594609:-;chr11:40593685:40592167:-;chr11:sink:sink:-	ENSMUSG00000020330.18	Hmmr
ENSMUST00000239111.3	ENSMUST00000020695.14	ENDS	chr11:8614681:8381631:-;chr11:8614535:8381631:-	ENSMUSG00000020422.16	Tns3
ENSMUST00000428515.1	ENSMUST00000095666.14	COMPLEX	chr12:root:root:-;chr12:70158417:70158210:-;chr12:70149628:70149628:-;chr12:root:root:-;chr12:70158845:70158628:-;chr12:70158256:70157846:-;chr12:70149628:70149628:-	ENSMUSG00000021068.19	Nin
ESPRESSO:chr13:885:74	ESPRESSO:chr13:885:76	AFE	chr13:55359363:55359402:+;chr13:55359688:55359813:+	ENSMUSG00000021488.10	Nsd1
ENSMUST00000188997.8	ENSMUST00000191275.8	COMPLEX	chr13:103970006:103970006:-;chr13:103959914:103959914:-;chr13:103970006:103970006:-;chr13:103966839:103966696:-;chr13:103964531:103964415:-;chr13:103961434:103961228:-;chr13:103959914:103959914:-	ENSMUSG00000021709.16	Erbin
ENSMUST00000022224.17	ENSMUST00000144060.9	SE	chr13:104288673:104288690:-	ENSMUSG00000021711.19	Trappc13
ENSMUST00000463389.1	ENSMUST00000463387.1	COMPLEX	chr14:75522105:75522105:+;chr14:75529009:75529134:+;chr14:75522105:75522105:+;chr14:75524928:75525091:+;chr14:75529012:75529134:+	ENSMUSG00000022000.13	Zc3h13
ENSMUST00000022656.9	ESPRESSO:chr14:1508:58	SE	chr14:99290954:99290999:+	ENSMUSG00000022070.9	Bora
ENSMUST00000231408.2	ENSMUST00000023561.9	COMPLEX	chr16:21828169:21829889:+;chr16:sink:sink:+;chr16:21828169:21828492:+;chr16:21830244:21830302:+;chr16:21832874:21833007:+;chr16:21834949:21835015:+;chr16:21837087:21837177:+;chr16:21842390:21842558:+;chr16:21845389:21845489:+;chr16:21846719:21846813:+;chr16:21847291:21847342:+;chr16:21850854:21850914:+;chr16:21855220:21855396:+;chr16:21857287:21857418:+;chr16:21859190:21859393:+;chr16:21860072:21860151:+;chr16:21861720:21861804:+;chr16:21862963:21863058:+;chr16:21865383:21868933:+;chr16:sink:sink:+	ENSMUSG00000022855.11	Senp2
ENSMUST00000411871.1	ENSMUST00000023608.15	RI	chr16:84631872:84632308:-	ENSMUSG00000022890.15	Atp5pf
ENSMUST00000046288.17	ENSMUST00000064798.17	SE	chr17:31746284:31747375:+	ENSMUSG00000024038.19	Ndufv3
ENSMUST00000047524.11	ENSMUST00000527972.1	A3SS	chr17:84771785:84771882:-;chr17:84771785:84771929:-	ENSMUSG00000024251.12	Thada
ENSMUST00000234536.3	ENSMUST00000234545.2	SE	chr18:21150876:21150932:+	ENSMUSG00000024317.17	Rnf138
ENSMUST00000234536.3	ENSMUST00000234545.2	SE	chr18:21157466:21157573:+	ENSMUSG00000024317.17	Rnf138
ENSMUST00000025511.12	ENSMUST00000122279.3	COMPLEX	chr18:root:root:+;chr18:60909311:60909623:+;chr18:root:root:+;chr18:60907668:60907758:+;chr18:60909473:60909623:+	ENSMUSG00000024608.13	Rps14
ENSMUST00000025562.10	ESPRESSO:chr19:224:38	SE	chr19:9860556:9860567:-	ENSMUSG00000024660.11	Incenp
ENSMUST00000050148.6	ENSMUST00000224511.3	ALE	chr19:28993406:28997637:+;chr19:29002204:29004081:+	ENSMUSG00000024780.9	Cdc37l1
ENSMUST00000416713.1	ENSMUST00000055655.10	RI	chr11:120713679:120714855:-	ENSMUSG00000025153.11	Fasn
ENSMUST00000026222.12	ENSMUST00000171415.9	ALE	chr19:44537011:44538659:-;chr19:44538679:44538851:-	ENSMUSG00000025204.12	Ndufb8
ENSMUST00000225023.3	ENSMUST00000223939.2	RI	chr14:24543562:24545842:+	ENSMUSG00000025290.19	Rps24
ENSMUST00000099149.11	ENSMUST00000069902.14	COMPLEX	chr13:119518212:119518212:-;chr13:119506681:119506681:-;chr13:119518212:119518212:-;chr13:119511310:119511165:-;chr13:119509127:119508932:-;chr13:119506681:119506681:-	ENSMUSG00000025453.20	Nnt
ESPRESSO:chr2:1839:17	ENSMUST00000435086.1	COMPLEX	chr2:130470409:130470409:-;chr2:130458662:130455773:-;chr2:sink:sink:-;chr2:130470409:130470409:-;chr2:130446546:130446405:-;chr2:130444572:130444477:-;chr2:130442631:130441434:-;chr2:130439376:130439218:-;chr2:130433934:130428297:-;chr2:sink:sink:-	ENSMUSG00000027300.12	Ubox5
ESPRESSO:chr2:1836:14	ENSMUST00000028769.15	COMPLEX	chr2:root:root:+;chr2:130381358:130381385:+;chr2:130381555:130381555:+;chr2:root:root:+;chr2:130291839:130292478:+;chr2:130345394:130345472:+;chr2:130345914:130346255:+;chr2:130359651:130359735:+;chr2:130360870:130360943:+;chr2:130361292:130361428:+;chr2:130374009:130374099:+;chr2:130375004:130375080:+;chr2:130377243:130377279:+;chr2:130379472:130379569:+;chr2:130381555:130381555:+	ENSMUSG00000027303.20	Ptpra
ENSMUST00000060955.13	ENSMUST00000149854.8	SE	chr2:132400527:132400602:-	ENSMUSG00000027346.17	Gpcpd1
ENSMUST00000028880.11	ENSMUST00000110315.3	COMPLEX	chr2:root:root:+;chr2:129041230:129041984:+;chr2:root:root:+;chr2:129040681:129040912:+;chr2:129041369:129041984:+	ENSMUSG00000027397.16	Slc20a1
ENSMUST00000029170.9	ENSMUST00000124518.2	COMPLEX	chr2:157017612:157016906:-;chr2:sink:sink:-;chr2:157017612:157017448:-;chr2:157016827:157016695:-;chr2:157012050:157011787:-;chr2:157009366:157009155:-;chr2:157005635:157005459:-;chr2:157003371:157003300:-;chr2:157001658:157001580:-;chr2:156994964:156994816:-;chr2:156992753:156992589:-;chr2:156989596:156987813:-;chr2:sink:sink:-	ENSMUSG00000027641.15	Rbl1
ENSMUST00000108195.10	ENSMUST00000117223.5	RI	chr3:34131674:34132923:-	ENSMUSG00000027679.15	Dnajc19
ESPRESSO:chr4:1127:16	ENSMUST00000091358.12	SE	chr4:98814673:98814911:+	ENSMUSG00000028560.13	Usp1
ENSMUST00000030313.10	ENSMUST00000153294.2	COMPLEX	chr4:94439702:94437933:-;chr4:sink:sink:-;chr4:94439702:94439502:-;chr4:94438743:94438659:-;chr4:94437431:94437356:-;chr4:94409372:94409299:-;chr4:94389653:94387415:-;chr4:sink:sink:-	ENSMUSG00000028578.10	Caap1
ENSMUST00000103191.12	ENSMUST00000139685.9	ENDS	chr4:152410150:152416937:+;chr4:152410150:152418528:+	ENSMUSG00000028936.17	Rpl22
ENSMUST00000113536.9	ENSMUST00000113535.10	SE	chr5:74725180:74725287:+	ENSMUSG00000029227.17	Fip1l1
ENSMUST00000113536.9	ENSMUST00000113535.10	SE	chr5:74745707:74745733:+	ENSMUSG00000029227.17	Fip1l1
ENSMUST00000118830.9	ENSMUST00000155671.9	SE	chr5:122494857:122494868:+	ENSMUSG00000029462.20	Vps29
ESPRESSO:chr6:102:6	ESPRESSO:chr6:102:14	AFE	chr6:11907853:11908016:+;chr6:11926364:11926441:+	ENSMUSG00000029629.19	Phf14
ENSMUST00000202949.2	ENSMUST00000031977.13	COMPLEX	chr6:40324346:40326390:+;chr6:sink:sink:+;chr6:40324346:40324385:+;chr6:40329287:40329366:+;chr6:40333979:40334054:+;chr6:40341209:40341301:+;chr6:40343675:40343707:+;chr6:40345515:40345609:+;chr6:40353156:40353225:+;chr6:40358138:40358217:+;chr6:40360694:40360751:+;chr6:40363748:40363895:+;chr6:40364378:40364475:+;chr6:40369587:40369657:+;chr6:40371548:40371632:+;chr6:40372659:40373696:+;chr6:sink:sink:+	ENSMUSG00000029916.13	Agk
ENSMUST00000112439.10	ENSMUST00000577516.1	A3SS	chr6:124935032:124935735:-;chr6:124935032:124936600:-	ENSMUSG00000030127.17	Cops7a
ENSMUST00000207010.3	ENSMUST00000106442.10	SE	chr7:122893695:122893928:-	ENSMUSG00000030766.17	Arhgap17
ENSMUST00000207010.3	ENSMUST00000106442.10	SE	chr7:122884643:122884690:-	ENSMUSG00000030766.17	Arhgap17
ESPRESSO:chrX:1412:85	ESPRESSO:chrX:1412:82	COMPLEX	chrX:104895673:104895044:-;chrX:sink:sink:-;chrX:104895673:104895571:-;chrX:104894876:104894726:-;chrX:sink:sink:-	ENSMUSG00000031229.18	Atrx
ENSMUST00000101251.9	ENSMUST00000499632.1	RI	chrX:133208978:133209475:+	ENSMUSG00000031262.14	Cenpi
ENSMUST00000101251.9	ENSMUST00000499632.1	SE	chrX:133241097:133241161:+	ENSMUSG00000031262.14	Cenpi
ENSMUST00000045218.10	ENSMUST00000467675.1	SE	chr8:41757024:41757188:+	ENSMUSG00000031592.12	Pcm1
ENSMUST00000118136.3	ENSMUST00000551911.1	COMPLEX	chr8:root:root:+;chr8:121214919:121215890:+;chr8:121289365:121289365:+;chr8:root:root:+;chr8:121264168:121264301:+;chr8:121280323:121280541:+;chr8:121289365:121289365:+	ENSMUSG00000031822.22	Gse1
ENSMUST00000034349.11	ENSMUST00000162466.9	SE	chr8:105254010:105254081:-	ENSMUSG00000031878.20	Nae1
ENSMUST00000183404.8	ENSMUST00000034755.14	SE	chr9:71776281:71776352:-	ENSMUSG00000032228.18	Tcf12
ENSMUST00000035112.13	ENSMUST00000405536.1	A3SS	chr9:121571631:121571853:+;chr9:121571706:121571853:+	ENSMUSG00000032525.17	Nktr
ENSMUST00000090464.8	ENSMUST00000127704.8	COMPLEX	chr3:116122358:116119688:-;chr3:sink:sink:-;chr3:116122358:116122128:-;chr3:116115869:116115731:-;chr3:116101948:116101789:-;chr3:116092198:116092086:-;chr3:116090827:116090780:-;chr3:116088522:116088400:-;chr3:116087735:116087375:-;chr3:116068357:116066201:-;chr3:sink:sink:-	ENSMUSG00000033502.17	Cdc14a
ENSMUST00000113157.9	ESPRESSO:chr6:1616:92	SE	chr6:113082878:113083102:+	ENSMUSG00000034269.14	Setd5
ENSMUST00000113157.9	ESPRESSO:chr6:1616:92	A3SS	chr6:113087278:113087486:+;chr6:113087335:113087486:+	ENSMUSG00000034269.14	Setd5
ENSMUST00000113157.9	ESPRESSO:chr6:1616:92	SE	chr6:113087591:113087631:+	ENSMUSG00000034269.14	Setd5
ENSMUST00000109943.11	ENSMUST00000123506.10	SE	chr11:4435879:4435989:-	ENSMUSG00000034354.20	Mtmr3
ENSMUST00000462599.1	ENSMUST00000183277.9	A3SS	chr12:69695226:69695386:-;chr12:69695226:69695390:-	ENSMUSG00000034801.15	Sos2
ENSMUST00000035775.10	ENSMUST00000218931.2	RI	chr10:80690543:80691014:-	ENSMUSG00000035215.11	Lsm7
ENSMUST00000035775.10	ENSMUST00000218931.2	COMPLEX	chr10:80689663:80689455:-;chr10:sink:sink:-;chr10:80689663:80689592:-;chr10:80688934:80688654:-;chr10:sink:sink:-	ENSMUSG00000035215.11	Lsm7
ENSMUST00000206331.2	ENSMUST00000038913.17	COMPLEX	chr7:3648246:3652599:+;chr7:sink:sink:+;chr7:3648246:3648583:+;chr7:3653800:3653874:+;chr7:3653980:3654047:+;chr7:3654267:3654341:+;chr7:3654493:3654582:+;chr7:3654807:3654935:+;chr7:3655032:3655127:+;chr7:3656199:3656418:+;chr7:3656510:3656643:+;chr7:3657142:3657198:+;chr7:3658570:3658951:+;chr7:3659032:3659155:+;chr7:3659786:3659984:+;chr7:3661000:3661099:+;chr7:3661192:3661390:+;chr7:3661608:3661740:+;chr7:3662380:3662505:+;chr7:3663727:3664713:+;chr7:sink:sink:+	ENSMUSG00000035632.18	Cnot3
ESPRESSO:chr8:822:3	ESPRESSO:chr8:822:2	SE	chr8:70354192:70354382:-	ENSMUSG00000036199.11	Ndufa13
ESPRESSO:chr9:271:12	ENSMUST00000040912.10	SE	chr9:22260543:22260596:-	ENSMUSG00000036777.10	Anln
ENSMUST00000200351.2	ENSMUST00000029257.16	COMPLEX	chr3:35808216:35810160:+;chr3:sink:sink:+;chr3:35808216:35808559:+;chr3:35832174:35832290:+;chr3:35836661:35836750:+;chr3:35838656:35838736:+;chr3:35842236:35842343:+;chr3:35842575:35842703:+;chr3:35843707:35843810:+;chr3:35849908:35849955:+;chr3:35852743:35852807:+;chr3:35854633:35854714:+;chr3:35859883:35860033:+;chr3:35860917:35861114:+;chr3:35863506:35863745:+;chr3:35864270:35864445:+;chr3:35864795:35864863:+;chr3:35866212:35866285:+;chr3:35866362:35866465:+;chr3:35868193:35868374:+;chr3:35874058:35874261:+;chr3:35881094:35881247:+;chr3:35882750:35882852:+;chr3:35885515:35885660:+;chr3:35887070:35887129:+;chr3:35888444:35888571:+;chr3:35889388:35889526:+;chr3:35891108:35891173:+;chr3:35891635:35891738:+;chr3:35893198:35893363:+;chr3:35903583:35903713:+;chr3:35909254:35910425:+;chr3:sink:sink:+	ENSMUSG00000037400.19	Atp11b
ESPRESSO:chrX:532:15	ESPRESSO:chrX:532:22	COMPLEX	chrX:root:root:-;chrX:40911615:40911570:-;chrX:40911347:40911245:-;chrX:40903505:40903075:-;chrX:40902885:40902827:-;chrX:40901452:40901336:-;chrX:40896048:40895911:-;chrX:40895591:40895522:-;chrX:40895439:40895279:-;chrX:40892409:40892333:-;chrX:40891869:40891824:-;chrX:40886656:40883873:-;chrX:sink:sink:-;chrX:root:root:-;chrX:41000763:41000678:-;chrX:40986727:40986669:-;chrX:40970877:40970786:-;chrX:40968814:40968763:-;chrX:40962829:40962759:-;chrX:40961556:40961442:-;chrX:40961300:40961167:-;chrX:40953072:40952906:-;chrX:40949094:40949002:-;chrX:40947831:40947676:-;chrX:40947113:40946941:-;chrX:40945806:40945611:-;chrX:40933682:40933641:-;chrX:40933232:40933102:-;chrX:40933005:40932904:-;chrX:40928511:40928427:-;chrX:40927554:40927461:-;chrX:40927072:40926992:-;chrX:40925474:40925378:-;chrX:40924092:40923975:-;chrX:40922365:40922186:-;chrX:40919734:40919570:-;chrX:40916335:40916060:-;chrX:sink:sink:-	ENSMUSG00000037475.17	Thoc2
ENSMUST00000531654.1	ENSMUST00000531652.1	COMPLEX	chr10:root:root:+;chr10:67021527:67022090:+;chr10:67025515:67025515:+;chr10:root:root:+;chr10:66932764:66932886:+;chr10:66993686:66993850:+;chr10:67025515:67025515:+	ENSMUSG00000037876.19	Jmjd1c
ENSMUST00000531654.1	ENSMUST00000531652.1	A3SS	chr10:67053817:67053960:+;chr10:67053896:67053960:+	ENSMUSG00000037876.19	Jmjd1c
ENSMUST00000084968.15	ENSMUST00000116388.5	ENDS	chr12:111005769:111082338:+;chr12:111006232:111082338:+	ENSMUSG00000037896.19	Rcor1
ENSMUST00000110840.9	ENSMUST00000045366.11	COMPLEX	chr8:13321590:13321590:-;chr8:13307976:13307976:-;chr8:13321590:13321590:-;chr8:13311467:13311385:-;chr8:13309043:13308947:-;chr8:13307976:13307976:-	ENSMUSG00000038506.15	Dcun1d2
ESPRESSO:chr1:908:45	ENSMUST00000077946.12	A3SS	chr1:80625930:80626046:-;chr1:80625930:80626049:-	ENSMUSG00000038608.17	Dock10
ENSMUST00000161741.8	ENSMUST00000200584.2	COMPLEX	chr5:145128872:145126238:-;chr5:sink:sink:-;chr5:145128872:145128313:-;chr5:145124043:145123936:-;chr5:145121458:145121342:-;chr5:145120677:145120508:-;chr5:sink:sink:-	ENSMUSG00000038690.17	Atp5mf
ENSMUST00000230703.3	ENSMUST00000525337.1	A5SS	chr16:4867232:4868604:+;chr16:4867232:4868645:+	ENSMUSG00000039473.10	Ubn1
ENSMUST00000220049.2	ENSMUST00000045621.9	AFE	chr10:127927504:127927645:+;chr10:127928652:127928719:+	ENSMUSG00000040054.19	Baz2a
ENSMUST00000124033.9	ENSMUST00000115513.10	SE	chrX:11921878:11921931:-	ENSMUSG00000040363.17	Bcor
ENSMUST00000124033.9	ENSMUST00000115513.10	A3SS	chrX:11914542:11914784:-;chrX:11914542:11914886:-	ENSMUSG00000040363.17	Bcor
ENSMUST00000059021.11	ENSMUST00000412022.1	SE	chr3:5627729:5627792:-	ENSMUSG00000040374.15	Pex2
ENSMUST00000097474.10	ENSMUST00000040357.12	SE	chr1:165491135:165491224:-	ENSMUSG00000040723.16	Rcsd1
ENSMUST00000038893.7	ENSMUST00000395170.1	COMPLEX	chr4:root:root:+;chr4:140429145:140429746:+;chr4:root:root:+;chr4:140427783:140428961:+;chr4:140429458:140429746:+	ENSMUSG00000040945.15	Rcc2
ENSMUST00000239428.2	ENSMUST00000097888.11	ENDS	chr4:126362214:126328805:-;chr4:126362498:126328805:-	ENSMUSG00000041530.19	Ago1
ENSMUST00000045356.10	ENSMUST00000227111.2	COMPLEX	chr15:root:root:+;chr15:5146768:5146904:+;chr15:root:root:+;chr15:5146106:5146166:+;chr15:5146769:5146904:+	ENSMUSG00000041841.10	Rpl37
ENSMUST00000045356.10	ENSMUST00000227111.2	COMPLEX	chr15:5147101:5147441:+;chr15:sink:sink:+;chr15:5147101:5147185:+;chr15:5148049:5153877:+;chr15:sink:sink:+	ENSMUSG00000041841.10	Rpl37
ENSMUST00000102578.11	ESPRESSO:chr5:1408:17	AFE	chr5:114912738:114913385:+;chr5:114915791:114915883:+	ENSMUSG00000041870.19	Ankrd13a
ENSMUST00000053969.8	ESPRESSO:chr12:1003:24	COMPLEX	chr12:root:root:+;chr12:82358123:82358123:+;chr12:root:root:+;chr12:82216204:82216277:+;chr12:82216790:82216850:+;chr12:82281237:82281302:+;chr12:82312731:82312799:+;chr12:82358123:82358123:+	ENSMUSG00000042700.18	Sipa1l1
ENSMUST00000053969.8	ESPRESSO:chr12:1003:24	COMPLEX	chr12:82493591:82493898:+;chr12:sink:sink:+;chr12:82493591:82493705:+;chr12:82496084:82496165:+;chr12:82496675:82498560:+;chr12:sink:sink:+	ENSMUSG00000042700.18	Sipa1l1
ENSMUST00000108346.6	ENSMUST00000108345.10	SE	chr3:16257351:16257383:+	ENSMUSG00000047213.16	Ythdf3
ENSMUST00000160885.3	ENSMUST00000161012.9	A3SS	chr17:35826775:35827327:-;chr17:35826775:35827436:-	ENSMUSG00000050410.17	Tcf19
ENSMUST00000059983.10	ENSMUST00000142613.2	COMPLEX	chr6:root:root:-;chr6:72366894:72365245:-;chr6:root:root:-;chr6:72367686:72367457:-;chr6:72365403:72365245:-	ENSMUSG00000050732.11	Vamp8
ENSMUST00000454228.1	ENSMUST00000209035.3	A3SS	chr7:28489703:28489836:+;chr7:28489715:28489836:+	ENSMUSG00000051735.9	Rinl
ENSMUST00000067496.8	ENSMUST00000145795.2	COMPLEX	chr4:132260698:132259799:-;chr4:sink:sink:-;chr4:132260698:132260607:-;chr4:132258134:132257215:-;chr4:sink:sink:-	ENSMUSG00000054428.14	Atp5if1
ENSMUST00000430540.1	ENSMUST00000047898.14	AFE	chr19:4447219:4447278:-;chr19:4447962:4448313:-	ENSMUSG00000054611.19	Kdm2a
ENSMUST00000102866.11	ENSMUST00000067996.7	AFE	chr2:29951819:29952292:+;chr2:29956468:29956905:+	ENSMUSG00000054766.15	Set
ENSMUST00000554059.1	ENSMUST00000113615.10	A3SS	chr19:5734318:5734493:-;chr19:5734318:5734496:-	ENSMUSG00000054874.14	Pcnx3
ENSMUST00000167320.9	ENSMUST00000527883.1	SE	chr9:110470479:110470559:-	ENSMUSG00000056724.17	Nbeal2
ENSMUST00000165982.2	ENSMUST00000006679.15	COMPLEX	chr10:root:root:+;chr10:79716814:79717011:+;chr10:root:root:+;chr10:79715448:79715576:+;chr10:79716262:79716427:+;chr10:79716870:79717011:+	ENSMUSG00000057729.14	Prtn3
ESPRESSO:chr8:1224:19	ENSMUST00000211816.2	SE	chr8:95172686:95172761:+	ENSMUSG00000074151.15	Nlrc5
ENSMUST00000095145.13	ENSMUST00000070755.14	COMPLEX	chr4:11569932:11569932:+;chr4:11583677:11585744:+;chr4:sink:sink:+;chr4:11569932:11569932:+;chr4:11593621:11593815:+;chr4:11595667:11595939:+;chr4:11597832:11597994:+;chr4:11599676:11599901:+;chr4:11601551:11601758:+;chr4:11604866:11605005:+;chr4:11606046:11606336:+;chr4:11609294:11609469:+;chr4:11610304:11610565:+;chr4:11612372:11612438:+;chr4:11612618:11612818:+;chr4:11615443:11615809:+;chr4:sink:sink:+	ENSMUSG00000078773.13	Rad54b
ENSMUST00000185384.8	ENSMUST00000186870.7	RI	chr3:14671469:14672236:-	ENSMUSG00000078784.10	Rbis
ENSMUST00000031024.14	ENSMUST00000201620.2	COMPLEX	chr5:31771283:31773831:+;chr5:31771283:31771366:+;chr5:31771947:31771965:+;chr5:31773725:31773831:+	ENSMUSG00000106918.5	Mrpl33
