transcript_ID	gene	prop_WT	prop_Q157R	dprop_Q157R_minus_WT	DTU_tx_p	DTU_tx_FDR	DTU_gene_p	DTU_gene_FDR	gene_name	origin	structural_category	predicted_NMD	gene_logFC	gene_FDR	gene_level_change	switch_class
ESPRESSO:chr1:546:0	ENSMUSG00000026103.16	0.11504841804879917	0.008686594624447985	-0.10636182342435119	8.983053981329992e-6	0.003788187134497159	3.493399381611706e-5	0.00486678482477474	Gls	novel	novel_not_in_catalog	FALSE	0.2621420940991435	0.9136587804799591	FALSE	usage shift, no gene-level change
ENSMUST00000187758.8	ENSMUSG00000005501.16	0.18588158710783328	0.016528545556741117	-0.16935304155109215	1.3054543187545462e-4	0.025193055717524174	1.6373988016862897e-4	0.015952765736231164	Usp40	GENCODE	full-splice_match	FALSE	0.14189340302984266	0.9326916094134964	FALSE	usage shift, no gene-level change
ENSMUST00000068705.14	ENSMUSG00000026566.17	0.40737312663732156	0.1672282114227399	-0.24014491521458167	2.9475662957811196e-6	0.0015254995383529011	2.9475662957797237e-6	7.697891660011621e-4	Mpzl1	GENCODE	full-splice_match	FALSE	0.5012492410702805	0.5311216351404522	FALSE	usage shift, no gene-level change
ENSMUST00000111435.10	ENSMUSG00000026566.17	0.5926268733626785	0.8327717885772601	0.2401449152145816	2.9475662957797237e-6	0.0015254995383529011	2.9475662957797237e-6	7.697891660011621e-4	Mpzl1	GENCODE	full-splice_match	FALSE	0.5012492410702805	0.5311216351404522	FALSE	usage shift, no gene-level change
ENSMUST00000016638.9	ENSMUSG00000016494.11	0.5814026935256061	0.8181930864363236	0.23679039291071746	3.308312456173931e-23	2.511229708399759e-19	3.3083124561253086e-23	1.175278000038516e-19	Cd34	GENCODE	full-splice_match	FALSE	0.013687692003802654	0.9914991196235149	FALSE	usage shift, no gene-level change
ENSMUST00000110815.10	ENSMUSG00000016494.11	0.41859730647439386	0.1818069135636764	-0.23679039291071746	3.3083124561253086e-23	2.511229708399759e-19	3.3083124561253086e-23	1.175278000038516e-19	Cd34	GENCODE	full-splice_match	FALSE	0.013687692003802654	0.9914991196235149	FALSE	usage shift, no gene-level change
ENSMUST00000015017.9	ENSMUSG00000014873.17	0.6515724575535715	0.4905785990134807	-0.1609938585400908	1.0943371795228043e-4	0.021794127904984237	2.2904060619027145e-5	0.003698485243140633	Surf2	GENCODE	full-splice_match	FALSE	-0.757014594311108	0.1365573455394692	FALSE	usage shift, no gene-level change
ENSMUST00000525384.1	ENSMUSG00000044308.20	0.019371674431874146	0.2653251199477418	0.24595344551586767	1.1080172898968055e-5	0.004255850115770363	1.8243666118635836e-4	0.01705542733854048	Ubr3	GENCODE	full-splice_match	FALSE	0.27012595455545935	0.8155017379650152	FALSE	usage shift, no gene-level change
ENSMUST00000521148.1	ENSMUSG00000041975.19	0.22765066888389152	0.10462036148033738	-0.12303030740355414	1.0043455105124961e-4	0.02064417068641563	4.6499643923750804e-4	0.035883490202093096	Mettl8	GENCODE	full-splice_match	FALSE	-0.046065917383581546	0.9741170415936117	FALSE	usage shift, no gene-level change
ENSMUST00000110062.9	ENSMUSG00000068205.16	0.4596837642136466	0.04894470987955742	-0.4107390543340892	1.397093304930272e-4	0.026293065074274508	6.206544741923427e-4	0.042401442684005725	Macrod2	GENCODE	full-splice_match	FALSE	-0.5307696038580165	0.6813364917740855	FALSE	usage shift, no gene-level change
ENSMUST00000029170.9	ENSMUSG00000027641.15	0.43817566761395976	0.12530156647458357	-0.3128741011393762	2.2682834959171007e-6	0.0014347280479816262	1.6844449946524134e-5	0.0032578781362388827	Rbl1	GENCODE	full-splice_match	FALSE	-0.3298474087991664	0.7033379164513324	FALSE	usage shift, no gene-level change
ENSMUST00000059021.11	ENSMUSG00000040374.15	0.3506118285609655	0.18781674433062368	-0.16279508423034184	1.2819640297030627e-5	0.00456138826318721	7.233326344036593e-5	0.008748914998535029	Pex2	GENCODE	full-splice_match	FALSE	-0.5210662231301725	0.2534553108254913	FALSE	usage shift, no gene-level change
ENSMUST00000185384.8	ENSMUSG00000078784.10	0.1554603642033648	0.36583839894414133	0.21037803474077654	4.086805233450092e-5	0.011053167576091224	9.434029056268086e-5	0.01035701073974631	Rbis	GENCODE	full-splice_match	FALSE	0.605897356154204	0.49049890850583283	FALSE	usage shift, no gene-level change
ENSMUST00000194649.3	ENSMUSG00000039221.12	0.2833506011676502	0.5083004068372226	0.22494980566957234	1.2085467590025084e-4	0.023522245124790703	1.251754462231244e-6	4.489674584376777e-4	Rpl22l1	GENCODE	full-splice_match	FALSE	0.6169038522850305	0.5011943026114422	FALSE	usage shift, no gene-level change
ENSMUST00000195728.2	ENSMUSG00000039221.12	0.47220068827064265	0.20915726222785247	-0.2630434260427902	2.501917093652923e-6	0.0014347280479816262	1.251754462231244e-6	4.489674584376777e-4	Rpl22l1	GENCODE	full-splice_match	NA	0.6169038522850305	0.5011943026114422	FALSE	usage shift, no gene-level change
ENSMUST00000108195.10	ENSMUSG00000027679.15	0.5728927668571817	0.8005359722964761	0.2276432054392944	5.8376253427833045e-5	0.014608176297347408	0.0015311523055971095	0.07252558087511642	Dnajc19	GENCODE	full-splice_match	FALSE	1.0368898162214353	0.3036729957404716	FALSE	usage shift, no gene-level change
ENSMUST00000108121.5	ENSMUSG00000051444.11	0.07311871012507086	0.23598573997696926	0.16286702985189838	2.1807874647816032e-7	4.3518338593931036e-4	3.0336518857188656e-6	7.697891660011621e-4	Bbs12	GENCODE	full-splice_match	FALSE	0.08415962770253128	0.9741170415936117	FALSE	usage shift, no gene-level change
ENSMUST00000057975.9	ENSMUSG00000051444.11	0.7684474854646373	0.6080349233078849	-0.16041256215675237	1.0062809354435863e-4	0.02064417068641563	3.0336518857188656e-6	7.697891660011621e-4	Bbs12	GENCODE	full-splice_match	FALSE	0.08415962770253128	0.9741170415936117	FALSE	usage shift, no gene-level change
ENSMUST00000099106.11	ENSMUSG00000074604.11	0.36620288297895376	0.8314862119645866	0.46528332898563285	2.007208686484136e-5	0.0067217876777377564	2.2687799365413693e-5	0.003698485243140633	Mgst2	GENCODE	full-splice_match	FALSE	-0.6360402284191494	0.8874437143541035	FALSE	usage shift, no gene-level change
ENSMUST00000090464.8	ENSMUSG00000033502.17	0.8822530589047491	0.5019243576952274	-0.3803287012095218	4.48422131981109e-5	0.011873800917992807	2.2242050584586671e-4	0.020513609269780457	Cdc14a	GENCODE	full-splice_match	FALSE	-1.9124946035320793	0.03235063795916464	TRUE	usage shift + gene DE
ENSMUST00000196466.4	ENSMUSG00000104960.4	0.25802597792160753	0.6661693308491728	0.4081433529275653	7.685893470339306e-5	0.017404040321528393	7.685893470339306e-5	0.00895217591914111	Snhg8	GENCODE	full-splice_match	NA	0.931340591196466	0.542405857336613	FALSE	usage shift, no gene-level change
ENSMUST00000198509.4	ENSMUSG00000104960.4	0.7419740220783925	0.33383066915082715	-0.4081433529275653	7.685893470339306e-5	0.017404040321528393	7.685893470339306e-5	0.00895217591914111	Snhg8	GENCODE	full-splice_match	NA	0.931340591196466	0.542405857336613	FALSE	usage shift, no gene-level change
ENSMUST00000029814.11	ENSMUSG00000028164.17	0.7605503594767193	0.2706382470834019	-0.48991211239331744	1.096259410824999e-5	0.004255850115770363	1.1119910668491454e-4	0.011744162450926875	Manba	GENCODE	full-splice_match	FALSE	-1.7956672222669774	0.2591611390369717	FALSE	usage shift, no gene-level change
ENSMUST00000090031.13	ENSMUSG00000068523.14	0.8301522004914988	0.961148959750215	0.13099675925871612	2.874686794280318e-4	0.04393447495258484	2.874686794280318e-4	0.02521561688069341	Gng5	GENCODE	full-splice_match	NA	1.8234898676558935	0.03235063795916464	TRUE	usage shift + gene DE
ENSMUST00000118280.3	ENSMUSG00000068523.14	0.16984779950850115	0.03885104024978503	-0.13099675925871612	2.874686794280318e-4	0.04393447495258484	2.874686794280318e-4	0.02521561688069341	Gng5	GENCODE	full-splice_match	NA	1.8234898676558935	0.03235063795916464	TRUE	usage shift + gene DE
ENSMUST00000070755.14	ENSMUSG00000078773.13	0.5801513253133569	0.8401791532186709	0.260027827905314	1.133134725006964e-5	0.004255850115770363	2.3541363730244986e-5	0.0037169197622975696	Rad54b	GENCODE	full-splice_match	FALSE	0.3540813905046374	0.7410897981169566	FALSE	usage shift, no gene-level change
ENSMUST00000095145.13	ENSMUSG00000078773.13	0.28487971225866027	0.09350139461384618	-0.19137831764481408	9.597808035548257e-5	0.020237155980139344	2.3541363730244986e-5	0.0037169197622975696	Rad54b	GENCODE	full-splice_match	FALSE	0.3540813905046374	0.7410897981169566	FALSE	usage shift, no gene-level change
ENSMUST00000068792.14	ENSMUSG00000055296.16	0.6998807774379979	0.26127530885978756	-0.43860546857821037	3.3027641807756945e-5	0.009172017795685867	4.202379464124857e-6	0.0010295829687105898	Tmem245	GENCODE	full-splice_match	FALSE	0.16801209428663066	0.9513534859616952	FALSE	usage shift, no gene-level change
ENSMUST00000106525.10	ENSMUSG00000034210.16	0.8128137878220445	0.6903954092631767	-0.12241837855886784	3.095967752380375e-4	0.04638248530079336	0.0014125390753077353	0.06874034335658534	Efcab14	GENCODE	full-splice_match	FALSE	0.11432644357505556	0.9410674739545598	FALSE	usage shift, no gene-level change
ENSMUST00000239428.2	ENSMUSG00000041530.19	0.0356366421678197	0.48724239535684155	0.45160575318902185	9.016469968063781e-5	0.019189070477826954	0.002088046937160172	0.09101578827314737	Ago1	GENCODE	full-splice_match	FALSE	0.36409688046694644	0.851374297135837	FALSE	usage shift, no gene-level change
ENSMUST00000067496.8	ENSMUSG00000054428.14	0.6705448464772054	0.8867531851588487	0.21620833868164335	1.2638070610490576e-6	9.593138131403047e-4	1.2638070610490576e-6	4.489674584376777e-4	Atp5if1	GENCODE	full-splice_match	FALSE	1.4895671598175244	0.03235063795916464	TRUE	usage shift + gene DE
ENSMUST00000145795.2	ENSMUSG00000054428.14	0.32945515352279464	0.11324681484115129	-0.21620833868164335	1.2638070610490576e-6	9.593138131403047e-4	1.2638070610490576e-6	4.489674584376777e-4	Atp5if1	GENCODE	full-splice_match	NA	1.4895671598175244	0.03235063795916464	TRUE	usage shift + gene DE
ENSMUST00000133316.8	ENSMUSG00000029177.11	0.4686510929417904	0.35113254410652334	-0.11751854883526708	8.268521615724451e-5	0.018280657692551185	8.349427058483176e-4	0.04985099096682602	Cenpa	GENCODE	full-splice_match	FALSE	-0.3843108242483722	0.7245393407714261	FALSE	usage shift, no gene-level change
ENSMUST00000031024.14	ENSMUSG00000106918.5	0.29000653064137294	0.6284018938986662	0.33839536325729325	1.1564509157239134e-8	2.9260778058738837e-5	8.87124492287713e-8	5.252516264753501e-5	Mrpl33	GENCODE	full-splice_match	NA	0.5964517895740956	0.5036475925410479	FALSE	usage shift, no gene-level change
ENSMUST00000201620.2	ENSMUSG00000106918.5	0.616880574188912	0.3331068141439485	-0.28377376004496346	2.4388182870848395e-6	0.0014347280479816262	8.87124492287713e-8	5.252516264753501e-5	Mrpl33	GENCODE	full-splice_match	NA	0.5964517895740956	0.5036475925410479	FALSE	usage shift, no gene-level change
ENSMUST00000087511.11	ENSMUSG00000067365.13	0.7869827046062072	0.4892349544332418	-0.29774775017296545	2.9428661070329723e-5	0.008591659870430108	6.089845794891264e-5	0.007726491852268292	Tmem128	GENCODE	full-splice_match	FALSE	-1.0745363468537128	0.1313353881927369	FALSE	usage shift, no gene-level change
ENSMUST00000118830.9	ENSMUSG00000029462.20	0.36820131245859794	0.522356599459745	0.15415528700114706	1.1774045199961922e-5	0.004255850115770363	1.1774045199961922e-5	0.002460429151344984	Vps29	GENCODE	full-splice_match	FALSE	0.04437670360708969	0.9748298670206182	FALSE	usage shift, no gene-level change
ENSMUST00000155671.9	ENSMUSG00000029462.20	0.6317986875414021	0.477643400540255	-0.1541552870011471	1.1774045199961922e-5	0.004255850115770363	1.1774045199961922e-5	0.002460429151344984	Vps29	GENCODE	full-splice_match	FALSE	0.04437670360708969	0.9748298670206182	FALSE	usage shift, no gene-level change
ENSMUST00000161741.8	ENSMUSG00000038690.17	0.3621292170728756	0.6924355991441478	0.33030638207127216	2.2062600466577702e-5	0.007177279111784392	2.2062600466577702e-5	0.003698485243140633	Atp5mf	GENCODE	full-splice_match	NA	1.3207299142392581	0.06394455972031785	FALSE	usage shift, no gene-level change
ENSMUST00000200584.2	ENSMUSG00000038690.17	0.6378707829271244	0.30756440085585224	-0.33030638207127216	2.2062600466577702e-5	0.007177279111784392	2.2062600466577702e-5	0.003698485243140633	Atp5mf	GENCODE	full-splice_match	NA	1.3207299142392581	0.06394455972031785	FALSE	usage shift, no gene-level change
ENSMUST00000041111.11	ENSMUSG00000042541.12	0.7293970323610736	0.9306506492922278	0.2012536169311543	6.914113880562827e-6	0.0030278500247726287	6.914113880562827e-6	0.0015846702942386736	Sem1	GENCODE	full-splice_match	NA	1.0462575375395342	0.17591946224554308	FALSE	usage shift, no gene-level change
ENSMUST00000205180.2	ENSMUSG00000042541.12	0.27060296763892644	0.06934935070777215	-0.2012536169311543	6.914113880562827e-6	0.0030278500247726287	6.914113880562827e-6	0.0015846702942386736	Sem1	GENCODE	full-splice_match	NA	1.0462575375395342	0.17591946224554308	FALSE	usage shift, no gene-level change
ESPRESSO:chr6:102:6	ENSMUSG00000029629.19	0.03343415737006886	0.24228158619380433	0.20884742882373547	7.71916420373427e-5	0.017404040321528393	3.283284378217446e-4	0.028105705430403558	Phf14	novel	novel_not_in_catalog	FALSE	-0.09265119941592528	0.9517145584497472	FALSE	usage shift, no gene-level change
ENSMUST00000153699.2	ENSMUSG00000029836.17	0.5168086894730793	0.7401810111682957	0.22337232169521637	1.6431414491804877e-4	0.029696521492649258	8.23000573797573e-4	0.04985099096682602	Cbx3	GENCODE	full-splice_match	NA	0.6874281825725753	0.3722926111295833	FALSE	usage shift, no gene-level change
ENSMUST00000059983.10	ENSMUSG00000050732.11	0.505554124976084	0.6915226066531828	0.18596848167709878	2.573929424971302e-4	0.040921878723298194	0.0013042265678036274	0.06666568175715663	Vamp8	GENCODE	full-splice_match	FALSE	0.6633926896201954	0.3453330914621184	FALSE	usage shift, no gene-level change
ENSMUST00000113157.9	ENSMUSG00000034269.14	0.16800618661229202	0.3462372598226951	0.17823107321040307	7.012850308107779e-5	0.01669816313588327	2.013317820704771e-5	0.0034889324673432675	Setd5	GENCODE	full-splice_match	FALSE	0.056634992231684785	0.9609780401746647	FALSE	usage shift, no gene-level change
ENSMUST00000507053.1	ENSMUSG00000004263.17	0.12541089615003262	0.9134798901583217	0.788068994008289	3.730792365507458e-11	1.213680053533369e-7	3.124136528375417e-13	5.549247508526834e-10	Atn1	GENCODE	full-splice_match	FALSE	-1.399643151582282	0.4985561892408517	FALSE	usage shift, no gene-level change
ENSMUST00000112439.10	ENSMUSG00000030127.17	0.08754123148957171	0.3060944248969251	0.2185531934073534	1.1439814181306743e-5	0.004255850115770363	7.388246304181586e-5	0.008748914998535029	Cops7a	GENCODE	full-splice_match	FALSE	-0.49070143599853205	0.6378898655085247	FALSE	usage shift, no gene-level change
ENSMUST00000471709.1	ENSMUSG00000040734.16	0.2190593036814687	0.020182438274078524	-0.19887686540739016	7.17568101137895e-5	0.016845835875373343	0.0025051344722785947	0.10170845957451095	Ppp1r13l	GENCODE	full-splice_match	FALSE	0.04494844713798088	0.9851023800354045	FALSE	usage shift, no gene-level change
ENSMUST00000038876.14	ENSMUSG00000040212.14	0.6858947545157204	0.8431257032516981	0.15723094873597776	2.560322360018638e-4	0.040921878723298194	0.003414655282152075	0.12130562889845246	Emp3	GENCODE	full-splice_match	FALSE	0.8785354275028034	0.42706694605006523	FALSE	usage shift, no gene-level change
ENSMUST00000138936.2	ENSMUSG00000061787.17	0.16294861315513953	0.041901763633693245	-0.12104684952144629	5.402010089470133e-5	0.013668285973045985	2.807112790025857e-6	7.670975528128352e-4	Rps17	GENCODE	full-splice_match	NA	1.7803152347255917	0.021915700837692013	TRUE	usage shift + gene DE
ENSMUST00000134636.2	ENSMUSG00000025508.15	0.15923764648863997	0.03661929901888781	-0.12261834746975217	2.661862239299695e-5	0.007996357578523981	8.672610487337433e-5	0.00978077738294166	Rplp2	GENCODE	full-splice_match	NA	1.9510549161081336	0.025133292751596717	TRUE	usage shift + gene DE
ENSMUST00000038675.7	ENSMUSG00000037772.15	0.42331389002969655	0.7997023078286662	0.3763884177989697	2.004151842706863e-5	0.0067217876777377564	1.75640878924927e-4	0.01663904593015475	Mrpl23	GENCODE	full-splice_match	FALSE	0.7037598656588783	0.4928417356716318	FALSE	usage shift, no gene-level change
ENSMUST00000110840.9	ENSMUSG00000038506.15	0.5233618535939383	0.7598659830335089	0.23650412943957067	4.580906573487449e-5	0.011990391320857033	1.1240014731358586e-4	0.011744162450926875	Dcun1d2	GENCODE	full-splice_match	FALSE	-0.10661070291586922	0.9682557091671306	FALSE	usage shift, no gene-level change
ENSMUST00000045366.11	ENSMUSG00000038506.15	0.30644411619461637	0.10707209712243508	-0.19937201907218127	2.7076571523762418e-5	0.008007632295313217	1.1240014731358586e-4	0.011744162450926875	Dcun1d2	GENCODE	full-splice_match	FALSE	-0.10661070291586922	0.9682557091671306	FALSE	usage shift, no gene-level change
ENSMUST00000034015.12	ENSMUSG00000031604.12	0.9708057471495312	0.6791424299627368	-0.2916633171867944	1.6965727099343934e-5	0.005853689962216061	1.6965727099343934e-5	0.0032578781362388827	Msmo1	GENCODE	full-splice_match	FALSE	-3.0159532574131545	0.0416875753357865	TRUE	usage shift + gene DE
ENSMUST00000135943.8	ENSMUSG00000031604.12	0.029194252850468838	0.32085757003726323	0.2916633171867944	1.6965727099343934e-5	0.005853689962216061	1.6965727099343934e-5	0.0032578781362388827	Msmo1	GENCODE	full-splice_match	FALSE	-3.0159532574131545	0.0416875753357865	TRUE	usage shift + gene DE
ESPRESSO:chr8:822:2	ENSMUSG00000036199.11	0.22956739785905497	0.039634014210339234	-0.18993338364871573	2.342605756933927e-6	0.0014347280479816262	2.342605756933927e-6	6.93508912625648e-4	Ndufa13	novel	novel_not_in_catalog	FALSE	1.6098756949788928	0.08369006435629295	FALSE	usage shift, no gene-level change
ESPRESSO:chr8:822:3	ENSMUSG00000036199.11	0.770432602140945	0.9603659857896608	0.18993338364871581	2.342605756933927e-6	0.0014347280479816262	2.342605756933927e-6	6.93508912625648e-4	Ndufa13	novel	novel_not_in_catalog	FALSE	1.6098756949788928	0.08369006435629295	FALSE	usage shift, no gene-level change
ENSMUST00000536969.1	ENSMUSG00000001911.18	0.30026078893604047	0.03146846153772379	-0.26879232739831665	2.7136532671476497e-4	0.0420376273465893	0.0013852663262986812	0.06874034335658534	Nfix	GENCODE	full-splice_match	FALSE	-0.3818426237455755	0.9041734100578408	FALSE	usage shift, no gene-level change
ENSMUST00000118136.3	ENSMUSG00000031822.22	0.5575776397736331	0.7330793652935218	0.17550172551988874	1.1081769180638102e-5	0.004255850115770363	1.7626160956927098e-5	0.003295628252604396	Gse1	GENCODE	full-splice_match	FALSE	0.12478678503125655	0.9513534859616952	FALSE	usage shift, no gene-level change
ENSMUST00000015157.11	ENSMUSG00000015013.11	0.46283975419722034	0.8108389118939977	0.34799915769677736	8.222564906869541e-7	8.231036255610175e-4	1.929556571347994e-5	0.0034273748598568745	Trappc2l	GENCODE	full-splice_match	FALSE	0.393682643582296	0.8341853980813375	FALSE	usage shift, no gene-level change
ENSMUST00000045994.9	ENSMUSG00000033931.11	0.42341714748389897	0.1965358308363978	-0.22688131664750116	1.4451012419275827e-4	0.026692926188758362	2.5947735088018107e-4	0.02333653896207198	Rbm34	GENCODE	full-splice_match	FALSE	-0.6525850472310272	0.41985782666778043	FALSE	usage shift, no gene-level change
ENSMUST00000445069.1	ENSMUSG00000057982.10	0.03468967228285676	0.1642115320713743	0.12952185978851755	2.602249118258681e-4	0.040921878723298194	6.124066952235979e-4	0.042244170578287984	Zfp809	GENCODE	full-splice_match	FALSE	0.39098806477283843	0.7635729964145824	FALSE	usage shift, no gene-level change
ENSMUST00000043675.10	ENSMUSG00000038717.11	0.6431826547408593	0.859520454051119	0.21633779931025965	2.252021848054716e-4	0.038015824516577555	2.252021848054716e-4	0.020513609269780457	Atp5mg	GENCODE	full-splice_match	FALSE	1.3901847904404632	0.071307925184225	FALSE	usage shift, no gene-level change
ENSMUST00000216815.3	ENSMUSG00000038717.11	0.35681734525914066	0.140479545948881	-0.21633779931025965	2.252021848054716e-4	0.038015824516577555	2.252021848054716e-4	0.020513609269780457	Atp5mg	GENCODE	full-splice_match	NA	1.3901847904404632	0.071307925184225	FALSE	usage shift, no gene-level change
ENSMUST00000034755.14	ENSMUSG00000032228.18	0.608283247308747	0.7571128994167478	0.1488296521080007	1.34374488414271e-4	0.02549979875141483	6.019454085001254e-5	0.007726491852268292	Tcf12	GENCODE	full-splice_match	FALSE	0.26811746032892125	0.7968207639734094	FALSE	usage shift, no gene-level change
ENSMUST00000183404.8	ENSMUSG00000032228.18	0.19294419727699436	0.06112078843697024	-0.1318234088400241	3.4029015625849173e-6	0.0017220194307374164	6.019454085001254e-5	0.007726491852268292	Tcf12	GENCODE	full-splice_match	FALSE	0.26811746032892125	0.7968207639734094	FALSE	usage shift, no gene-level change
ENSMUST00000530434.1	ENSMUSG00000032407.16	0.13979097798338358	0.24037153693200852	0.10058055894862494	1.483078372980405e-6	0.0010894406680487026	2.43599132426015e-7	1.2362655970620263e-4	U2surp	GENCODE	full-splice_match	FALSE	0.07214115621572884	0.959649699976039	FALSE	usage shift, no gene-level change
ENSMUST00000035775.10	ENSMUSG00000035215.11	0.5706770460807338	0.8081176397781183	0.23744059369738457	4.858160834090389e-8	1.1063003851390634e-4	1.4873908775393053e-8	1.1742124649907516e-5	Lsm7	GENCODE	full-splice_match	FALSE	1.5139781911814525	0.05950423404397983	FALSE	usage shift, no gene-level change
ENSMUST00000218931.2	ENSMUSG00000035215.11	0.21368350181827922	0.05911152258603161	-0.1545719792322476	9.629653824346555e-7	8.434095264923836e-4	1.4873908775393053e-8	1.1742124649907516e-5	Lsm7	GENCODE	full-splice_match	FALSE	1.5139781911814525	0.05950423404397983	FALSE	usage shift, no gene-level change
ENSMUST00000072239.15	ENSMUSG00000019961.19	0.6440398651635316	0.4496212395211429	-0.1944186256423887	1.0773904922661613e-4	0.021711802026446927	0.006192824422004016	0.17600007007335416	Tmpo	GENCODE	full-splice_match	FALSE	0.09334656564338521	0.9317970493365176	FALSE	usage shift, no gene-level change
ENSMUST00000125379.2	ENSMUSG00000020022.19	0.34263824722403957	0.14652904043456472	-0.19610920678947485	2.2932551516211682e-7	4.3518338593931036e-4	1.6154095342973572e-6	5.217038518719419e-4	Ndufa12	GENCODE	full-splice_match	NA	0.949189792134324	0.12463657809336973	FALSE	usage shift, no gene-level change
ESPRESSO:chr11:176:0	ENSMUSG00000033953.12	0.03937959842372283	0.27999112201359855	0.24061152358987573	2.5878716954635582e-5	0.007963650574202182	2.587871695463404e-5	0.003912091148142018	Ppp3r1	novel	novel_not_in_catalog	TRUE	-3.7324944873706456	0.06902155109568708	FALSE	usage shift, no gene-level change
ENSMUST00000102880.6	ENSMUSG00000033953.12	0.9606204015762771	0.7200088779864015	-0.2406115235898757	2.587871695463404e-5	0.007963650574202182	2.587871695463404e-5	0.003912091148142018	Ppp3r1	GENCODE	full-splice_match	FALSE	-3.7324944873706456	0.06902155109568708	FALSE	usage shift, no gene-level change
ENSMUST00000131787.4	ENSMUSG00000086841.4	0.12630115228047714	0.3616469656233471	0.23534581334286994	1.8355415815395716e-6	0.0013062172779630976	3.472959041583145e-8	2.2432158173134768e-5	2410006H16Rik	GENCODE	full-splice_match	NA	0.043899589278927224	0.9804002485042903	FALSE	usage shift, no gene-level change
ENSMUST00000245938.2	ENSMUSG00000086841.4	0.7007564529804424	0.4047273447831563	-0.2960291081972861	3.4572067223774796e-7	4.920469467623748e-4	3.472959041583145e-8	2.2432158173134768e-5	2410006H16Rik	GENCODE	full-splice_match	NA	0.043899589278927224	0.9804002485042903	FALSE	usage shift, no gene-level change
ENSMUST00000103233.11	ENSMUSG00000017561.18	0.08020035129833397	0.1964280774109215	0.11622772611258753	3.2627751973402883e-7	4.920469467623748e-4	3.2627751973648756e-7	1.545467851818496e-4	Crlf3	GENCODE	full-splice_match	FALSE	0.014189428211757536	0.9931416147608089	FALSE	usage shift, no gene-level change
ENSMUST00000061283.16	ENSMUSG00000017561.18	0.919799648701666	0.8035719225890785	-0.11622772611258747	3.2627751973402883e-7	4.920469467623748e-4	3.2627751973648756e-7	1.545467851818496e-4	Crlf3	GENCODE	full-splice_match	FALSE	0.014189428211757536	0.9931416147608089	FALSE	usage shift, no gene-level change
ENSMUST00000092857.14	ENSMUSG00000017686.19	0.5301765098516017	0.7101949743385362	0.18001846448693448	1.1027612530450245e-5	0.004255850115770363	1.6390596745177692e-4	0.015952765736231164	Rhot1	GENCODE	full-splice_match	FALSE	0.31016288833261013	0.7499085367513838	FALSE	usage shift, no gene-level change
ENSMUST00000106188.5	ENSMUSG00000025137.17	0.22812614714370041	0.3322677963313714	0.10414164918767096	2.0583078917201872e-4	0.03550892978049402	0.0016450217956688988	0.07639137162240213	Pcyt2	GENCODE	full-splice_match	FALSE	-0.04101494085173343	0.9741170415936117	FALSE	usage shift, no gene-level change
ENSMUST00000037023.9	ENSMUSG00000034892.10	0.7018050060912954	0.980988161414102	0.2791831553228066	3.1724368680977474e-5	0.009030341545040238	3.1724368680977474e-5	0.004617893884023621	Rps29	GENCODE	full-splice_match	NA	2.2021186867249165	0.05950423404397983	FALSE	usage shift, no gene-level change
ENSMUST00000094291.3	ENSMUSG00000034892.10	0.29819499390870463	0.019011838585898055	-0.2791831553228066	3.1724368680977474e-5	0.009030341545040238	3.1724368680977474e-5	0.004617893884023621	Rps29	GENCODE	full-splice_match	NA	2.2021186867249165	0.05950423404397983	FALSE	usage shift, no gene-level change
ENSMUST00000168463.9	ENSMUSG00000091803.9	0.0566233558710999	0.3464159377153607	0.2897925818442608	6.461889781560971e-5	0.015654271713373025	5.843947141719093e-4	0.04152124444191416	Cox16	GENCODE	full-splice_match	NA	0.1119807709209761	0.9553441940608728	FALSE	usage shift, no gene-level change
ENSMUST00000132233.2	ENSMUSG00000017778.16	0.6955228465643948	0.32437873917633087	-0.3711441073880639	1.1724849662930832e-6	9.535652733009319e-4	1.1724849662930832e-6	4.489674584376777e-4	Cox7c	GENCODE	full-splice_match	NA	0.9055738419342536	0.3373721574337533	FALSE	usage shift, no gene-level change
ENSMUST00000131011.2	ENSMUSG00000017778.16	0.3044771534356052	0.6756212608236691	0.3711441073880639	1.1724849662930832e-6	9.535652733009319e-4	1.1724849662930832e-6	4.489674584376777e-4	Cox7c	GENCODE	full-splice_match	NA	0.9055738419342536	0.3373721574337533	FALSE	usage shift, no gene-level change
ENSMUST00000188997.8	ENSMUSG00000021709.16	0.1555473006478522	0.30171400505988066	0.14616670441202848	2.668729913788084e-5	0.007996357578523981	7.064886334062405e-5	0.008748914998535029	Erbin	GENCODE	full-splice_match	FALSE	0.17935283213552408	0.8698020273360699	FALSE	usage shift, no gene-level change
ENSMUST00000227635.2	ENSMUSG00000041841.10	0.2102780923479084	0.06624109446967717	-0.1440369978782312	9.075939923400572e-7	8.267092157427113e-4	3.0083587138658573e-19	7.124796220672306e-16	Rpl37	GENCODE	full-splice_match	NA	1.753980083155995	0.024396411067647106	TRUE	usage shift + gene DE
ENSMUST00000045356.10	ENSMUSG00000041841.10	0.5429658802282721	0.8943273973182044	0.35136151708993235	2.4397776667059247e-20	1.388965425655683e-16	3.0083587138658573e-19	7.124796220672306e-16	Rpl37	GENCODE	full-splice_match	NA	1.753980083155995	0.024396411067647106	TRUE	usage shift + gene DE
ENSMUST00000227674.2	ENSMUSG00000041841.10	0.12337801372428435	0.019715753656120112	-0.10366226006816423	5.654313273703309e-7	6.131429612798654e-4	3.0083587138658573e-19	7.124796220672306e-16	Rpl37	GENCODE	full-splice_match	NA	1.753980083155995	0.024396411067647106	TRUE	usage shift + gene DE
ENSMUST00000227111.2	ENSMUSG00000041841.10	0.12337801369953516	0.019715754555998277	-0.10366225914353688	5.654313218395679e-7	6.131429612798654e-4	3.0083587138658573e-19	7.124796220672306e-16	Rpl37	GENCODE	full-splice_match	NA	1.753980083155995	0.024396411067647106	TRUE	usage shift + gene DE
ENSMUST00000009039.7	ENSMUSG00000058600.15	0.2900748486158894	0.5278764810195443	0.23780163240365493	4.125765167608265e-5	0.011053167576091224	1.8629353143231204e-5	0.0033938860021194284	Rpl30	GENCODE	full-splice_match	FALSE	0.8691747729240158	0.288974138495469	FALSE	usage shift, no gene-level change
ENSMUST00000014457.15	ENSMUSG00000014313.17	0.4319974362022779	0.7088737143993235	0.2768762781970456	5.9888240171638114e-6	0.0028411979274761317	2.55553853596241e-5	0.003912091148142018	Cox6c	GENCODE	full-splice_match	NA	1.2124343765673051	0.071307925184225	FALSE	usage shift, no gene-level change
ENSMUST00000230703.3	ENSMUSG00000039473.10	0.031138490887639064	0.4391639386562331	0.40802544776859406	1.0374729153025479e-4	0.02109404752434788	7.713085754317006e-4	0.0480714686705459	Ubn1	GENCODE	full-splice_match	FALSE	0.6614326475574122	0.3774154971522449	FALSE	usage shift, no gene-level change
ENSMUST00000441796.1	ENSMUSG00000002845.16	0.04701491716863104	0.15670878240525332	0.10969386523662228	6.428961054013152e-5	0.015654271713373025	3.335728406856569e-5	0.004740070066143184	Tmem39a	GENCODE	full-splice_match	FALSE	-0.2537080621863349	0.9260354800061285	FALSE	usage shift, no gene-level change
ENSMUST00000023608.15	ENSMUSG00000022890.15	0.3812637461513896	0.2284057996756058	-0.1528579464757838	1.1006168580156277e-4	0.021794127904984237	1.1925843434291212e-4	0.01210473108580558	Atp5pf	GENCODE	full-splice_match	FALSE	1.1294862095425648	0.0613743587896079	FALSE	usage shift, no gene-level change
ENSMUST00000411871.1	ENSMUSG00000022890.15	0.5156389340010683	0.6920486231717604	0.1764096891706921	3.2449482332601804e-5	0.009122711255284053	1.1925843434291212e-4	0.01210473108580558	Atp5pf	GENCODE	full-splice_match	FALSE	1.1294862095425648	0.0613743587896079	FALSE	usage shift, no gene-level change
ESPRESSO:chr17:23:10	ENSMUSG00000069729.15	0.112048466611953	0.2599457605543978	0.14789729394244477	4.922334267494563e-5	0.012594538869593955	2.697511435091007e-4	0.023957273432902007	Arid1b	novel	novel_not_in_catalog	FALSE	-0.39980905453923576	0.8305117472139495	FALSE	usage shift, no gene-level change
ENSMUST00000115791.10	ENSMUSG00000023805.19	0.3000718568812485	0.6291735174711545	0.329101660589906	2.4833731238207854e-5	0.007854357329950962	1.3728483462557112e-4	0.013738151408657504	Synj2	GENCODE	full-splice_match	FALSE	0.17701653811779247	0.9410674739545598	FALSE	usage shift, no gene-level change
ENSMUST00000232602.2	ENSMUSG00000023806.12	0.22811765503514148	0.3878641443653993	0.1597464893302578	1.4281938296274192e-4	0.026658057285471798	7.373017087116476e-4	0.0469681280322875	Rsph3b	GENCODE	full-splice_match	NA	-0.6304043320330116	0.1824435585410438	FALSE	usage shift, no gene-level change
ESPRESSO:chr17:533:12	ENSMUSG00000086534.3	0.0980378558766497	0.7928027723817369	0.6947649165050872	2.598531977950629e-4	0.040921878723298194	3.602518313687001e-4	0.02977424739709073	Gm16758	novel	novel_not_in_catalog	NA	0.3393634324608961	0.9244246366970894	FALSE	usage shift, no gene-level change
ENSMUST00000064798.17	ENSMUSG00000024038.19	0.07247871663095751	0.26961560813138474	0.19713689150042724	5.435208518317416e-7	6.131429612798654e-4	5.435208518317416e-7	2.4135722826653275e-4	Ndufv3	GENCODE	full-splice_match	FALSE	0.03967435307137977	0.9811213801691758	FALSE	usage shift, no gene-level change
ENSMUST00000046288.17	ENSMUSG00000024038.19	0.9275212833690425	0.7303843918686153	-0.19713689150042724	5.435208518317416e-7	6.131429612798654e-4	5.435208518317416e-7	2.4135722826653275e-4	Ndufv3	GENCODE	full-splice_match	FALSE	0.03967435307137977	0.9811213801691758	FALSE	usage shift, no gene-level change
ENSMUST00000173844.8	ENSMUSG00000067288.15	0.4855966739354096	0.781979648842167	0.29638297490675736	2.704229420689516e-6	0.001466207437331944	1.7363031825898133e-8	1.2336434112300623e-5	Rps28	GENCODE	full-splice_match	NA	1.8777016036537957	0.03303995513587431	TRUE	usage shift + gene DE
ENSMUST00000234017.2	ENSMUSG00000067288.15	0.3040016748686616	0.05804387851589199	-0.2459577963527696	2.7365116995154196e-7	4.793526493951164e-4	1.7363031825898133e-8	1.2336434112300623e-5	Rps28	GENCODE	full-splice_match	NA	1.8777016036537957	0.03303995513587431	TRUE	usage shift + gene DE
ENSMUST00000048249.9	ENSMUSG00000041881.15	0.5576378702384515	0.7864651268243561	0.22882725658590464	5.663516581417535e-6	0.0027440340338731935	1.360794406506151e-6	4.604021075345811e-4	Ndufa7	GENCODE	full-splice_match	FALSE	1.8105351290033902	0.03235063795916464	TRUE	usage shift + gene DE
ESPRESSO:chr17:623:0	ENSMUSG00000041881.15	0.14339613405105786	0.03147214270382824	-0.11192399134722962	8.881763832555471e-5	0.019139528525816445	1.360794406506151e-6	4.604021075345811e-4	Ndufa7	novel	novel_in_catalog	NA	1.8105351290033902	0.03235063795916464	TRUE	usage shift + gene DE
ENSMUST00000173946.2	ENSMUSG00000041881.15	0.2033255090730364	0.07058377538685925	-0.13274173368617714	2.4578119542931865e-4	0.04069688646482166	1.360794406506151e-6	4.604021075345811e-4	Ndufa7	GENCODE	full-splice_match	NA	1.8105351290033902	0.03235063795916464	TRUE	usage shift + gene DE
ENSMUST00000160885.3	ENSMUSG00000050410.17	0.08646513871834993	0.30140557991887695	0.21494044120052702	4.668306025297394e-7	6.131429612798654e-4	2.2371301822370964e-9	1.9868512430993212e-6	Tcf19	GENCODE	full-splice_match	FALSE	-0.026265453539716318	0.9884521972488916	FALSE	usage shift, no gene-level change
ENSMUST00000024748.14	ENSMUSG00000023952.15	0.9265460070074644	0.10943085487658691	-0.8171151521308775	8.674902078633594e-7	8.231036255610175e-4	8.674902078633594e-7	3.6255987805112756e-4	Gtpbp2	GENCODE	full-splice_match	FALSE	-1.3296238458025358	0.6767836005891524	FALSE	usage shift, no gene-level change
ENSMUST00000165686.2	ENSMUSG00000023952.15	0.07345399299253563	0.8905691451234131	0.8171151521308775	8.674902078633594e-7	8.231036255610175e-4	8.674902078633594e-7	3.6255987805112756e-4	Gtpbp2	GENCODE	full-splice_match	NA	-1.3296238458025358	0.6767836005891524	FALSE	usage shift, no gene-level change
ENSMUST00000527972.1	ENSMUSG00000024251.12	0.5033010553058115	0.17373169354682094	-0.32956936175899054	7.918799788134872e-5	0.017679108703471304	6.101926897050473e-4	0.042244170578287984	Thada	GENCODE	full-splice_match	FALSE	0.05574812154939255	0.9765538933325552	FALSE	usage shift, no gene-level change
ENSMUST00000047524.11	ENSMUSG00000024251.12	0.3018560446673852	0.6835473608669087	0.3816913161995235	1.4535055539285249e-4	0.026692926188758362	6.101926897050473e-4	0.042244170578287984	Thada	GENCODE	full-splice_match	FALSE	0.05574812154939255	0.9765538933325552	FALSE	usage shift, no gene-level change
ENSMUST00000234536.3	ENSMUSG00000024317.17	0.381032487496858	0.20162902208953126	-0.1794034654073267	1.6624192816326074e-4	0.029808355812076956	0.004724951311916695	0.15021784669312876	Rnf138	GENCODE	full-splice_match	FALSE	-0.2938948024282927	0.8487603765159569	FALSE	usage shift, no gene-level change
ENSMUST00000025511.12	ENSMUSG00000024608.13	0.8178565315696611	0.9224773256590781	0.10462079408941705	6.461368632241829e-6	0.0029427657298682188	6.461368632241829e-6	0.0015302674710692733	Rps14	GENCODE	full-splice_match	FALSE	1.6918639198258119	0.03235063795916464	TRUE	usage shift + gene DE
ENSMUST00000122279.3	ENSMUSG00000024608.13	0.1821434684303389	0.07752267434092186	-0.10462079408941705	6.461368632241829e-6	0.0029427657298682188	6.461368632241829e-6	0.0015302674710692733	Rps14	GENCODE	full-splice_match	FALSE	1.6918639198258119	0.03235063795916464	TRUE	usage shift + gene DE
ENSMUST00000040372.14	ENSMUSG00000036372.16	0.8049138620890014	0.955664779054963	0.15075091696596166	2.4902726032487e-4	0.0407974731807046	0.0012409755672286014	0.06531208448266083	Tmem258	GENCODE	full-splice_match	FALSE	1.8211819426201916	0.025133292751596717	TRUE	usage shift + gene DE
ENSMUST00000050148.6	ENSMUSG00000024780.9	0.539331241920905	0.3308508714658216	-0.20848037045508339	2.0371311154819468e-4	0.03541187004714114	0.002400941189862909	0.09998826794446783	Cdc37l1	GENCODE	full-splice_match	FALSE	-0.14548955858907128	0.9326916094134964	FALSE	usage shift, no gene-level change
ENSMUST00000212592.3	ENSMUSG00000025195.11	0.35346043033829083	0.024956852399354662	-0.32850357793893614	2.583165728405352e-6	0.0014347280479816262	2.583165728405352e-6	7.34135700012801e-4	Dnmbp	GENCODE	full-splice_match	FALSE	0.26399098356559597	0.919041279908857	FALSE	usage shift, no gene-level change
ENSMUST00000212032.3	ENSMUSG00000025195.11	0.6465395696617091	0.9750431476006454	0.32850357793893625	2.583165728405352e-6	0.0014347280479816262	2.583165728405352e-6	7.34135700012801e-4	Dnmbp	GENCODE	full-splice_match	FALSE	0.26399098356559597	0.919041279908857	FALSE	usage shift, no gene-level change
ENSMUST00000026222.12	ENSMUSG00000025204.12	0.37886435280685765	0.5896821594744477	0.21081780666759004	8.81358058998276e-6	0.0037868463621714603	4.6028959300641446e-5	0.006170485959076556	Ndufb8	GENCODE	full-splice_match	FALSE	0.7594218079012361	0.23362203014482716	FALSE	usage shift, no gene-level change
ENSMUST00000171415.9	ENSMUSG00000025204.12	0.5644618117683166	0.3780096583293625	-0.18645215343895405	8.55640896784597e-5	0.018735244713056577	4.6028959300641446e-5	0.006170485959076556	Ndufb8	GENCODE	full-splice_match	FALSE	0.7594218079012361	0.23362203014482716	FALSE	usage shift, no gene-level change
ENSMUST00000077282.8	ENSMUSG00000054843.11	0.13346355792104472	0.8393024300273259	0.7058388721062812	2.002294650038556e-4	0.03507404136206	0.007711424073165284	0.19637873849404783	Atrnl1	GENCODE	full-splice_match	FALSE	0.17562360759766182	0.942682747591764	FALSE	usage shift, no gene-level change
ENSMUST00000101527.3	ENSMUSG00000062949.15	0.16329944903450386	0.03565080078712265	-0.1276486482473812	1.6043593990541433e-4	0.02922757778820876	3.3394666877895166e-4	0.028246322400886325	Atp11c	GENCODE	full-splice_match	FALSE	-0.0492460158600571	0.9776916549909993	FALSE	usage shift, no gene-level change
ENSMUST00000061970.13	ENSMUSG00000031337.18	0.8639662424713378	0.6722261153228195	-0.1917401271485183	3.466710424290622e-5	0.00951131684119832	3.1847544027749114e-5	0.004617893884023621	Mtm1	GENCODE	full-splice_match	FALSE	-0.5397616121262835	0.8088171231746034	FALSE	usage shift, no gene-level change
ENSMUST00000052761.10	ENSMUSG00000002010.19	0.7577311263684599	0.6426998186771788	-0.115031307691281	1.753601527028411e-4	0.030955824785831546	1.7536015270351945e-4	0.01663904593015475	Idh3g	GENCODE	full-splice_match	FALSE	-0.01125125685480087	0.9934732594453016	FALSE	usage shift, no gene-level change
ENSMUST00000468421.1	ENSMUSG00000002010.19	0.24226887363154015	0.35730018132282115	0.115031307691281	1.7536015270385867e-4	0.030955824785831546	1.7536015270351945e-4	0.01663904593015475	Idh3g	GENCODE	full-splice_match	FALSE	-0.01125125685480087	0.9934732594453016	FALSE	usage shift, no gene-level change
ENSMUST00000064376.14	ENSMUSG00000031389.19	0.7003205160066145	0.4865949510463773	-0.2137255649602372	5.6372269069410705e-6	0.0027440340338731935	4.562967583098829e-5	0.006170485959076556	Arhgap4	GENCODE	full-splice_match	FALSE	-0.26495015947967915	0.8594179002592983	FALSE	usage shift, no gene-level change
ENSMUST00000114407.10	ENSMUSG00000031389.19	0.19749674851319077	0.3906204240699631	0.19312367555677235	1.0008815658878772e-5	0.004144013639708862	4.562967583098829e-5	0.006170485959076556	Arhgap4	GENCODE	full-splice_match	FALSE	-0.26495015947967915	0.8594179002592983	FALSE	usage shift, no gene-level change
ESPRESSO:chrX:1412:82	ENSMUSG00000031229.18	0.012028569987286875	0.2265110684678348	0.21448249848054793	1.1740147850133478e-24	2.6734664684323954e-20	8.363735429189939e-48	5.942434022439452e-44	Atrx	novel	novel_in_catalog	FALSE	0.14061767458379532	0.8783409136621808	FALSE	usage shift, no gene-level change
