transcript_ID	origin	structural_category	subcategory	predicted_NMD	prop_WT	prop_Q157R	dprop_Q157R_minus_WT	DTU_tx_FDR	logFC_Q157R_vs_WT	FDR	V335	V334	A310	X504	A258	A309
ESPRESSO:chr4:1435:16	novel	novel_in_catalog	intron_retention	FALSE	NA	NA	NA	NA	0.9035114459641065	0.6638347327116977	63.89	37.13	32.22	103.13	112.7	38.1
ENSMUST00000568247.1	GENCODE	full-splice_match	reference_match	FALSE	NA	NA	NA	NA	NA	NA	0	1	2	2	1	2
ESPRESSO:chr4:1435:10	novel	novel_not_in_catalog	at_least_one_novel_splicesite	FALSE	NA	NA	NA	NA	NA	NA	5.19	0	3.07	1.01	1.03	3.16
ENSMUST00000438694.1	GENCODE	full-splice_match	reference_match	FALSE	NA	NA	NA	NA	NA	NA	0	0	0	1	0	0
ENSMUST00000127737.2	GENCODE	full-splice_match	reference_match	FALSE	NA	NA	NA	NA	NA	NA	9.17	1.03	4.11	4.04	5.12	6.2
ESPRESSO:chr4:1435:15	novel	novel_in_catalog	intron_retention	TRUE	NA	NA	NA	NA	NA	NA	12.01	5.62	10.28	12.49	1.99	8.25
ENSMUST00000568246.1	GENCODE	full-splice_match	reference_match	FALSE	NA	NA	NA	NA	NA	NA	0	0	3.07	1.01	1.03	2.11
ESPRESSO:chr4:1435:9	novel	novel_not_in_catalog	at_least_one_novel_splicesite	FALSE	NA	NA	NA	NA	NA	NA	0	0	1.01	0	2.05	3.13
ENSMUST00000438696.1	GENCODE	full-splice_match	reference_match	FALSE	NA	NA	NA	NA	NA	NA	0	0	0	1.01	2.05	0
ESPRESSO:chr4:1435:24	novel	novel_in_catalog	intron_retention	TRUE	NA	NA	NA	NA	-0.6365452427480295	0.8641122072108889	16.01	3	13	9	4	7
ESPRESSO:chr4:1435:20	novel	novel_in_catalog	intron_retention	FALSE	NA	NA	NA	NA	0.4410763891361872	0.8955886566243609	41.98	21.4	18.14	52.05	43.47	15.23
ESPRESSO:chr4:1435:21	novel	novel_in_catalog	combination_of_known_junctions	FALSE	NA	NA	NA	NA	1.567379142874619	0.2700382490793921	29.64	23.62	42.64	65.09	178.67	59.01
ENSMUST00000438691.1	GENCODE	full-splice_match	reference_match	FALSE	NA	NA	NA	NA	-0.08983661314640298	0.9842213362819261	37.02	8.01	17	14	22.01	21.01
ESPRESSO:chr4:1435:14	novel	novel_in_catalog	intron_retention	TRUE	NA	NA	NA	NA	NA	NA	3	0	0	0	1	1
ESPRESSO:chr4:1435:27	novel	novel_in_catalog	combination_of_known_junctions	FALSE	NA	NA	NA	NA	-0.024128806507279738	0.9919672034294119	536.1	194.2	372.04	258.94	419.97	385.04
ENSMUST00000142884.2	GENCODE	full-splice_match	reference_match	FALSE	NA	NA	NA	NA	NA	NA	4	2	3	1	1	0
ENSMUST00000144992.2	GENCODE	full-splice_match	reference_match	NA	NA	NA	NA	NA	NA	NA	6	2	1	1	0	2
ENSMUST00000152733.2	GENCODE	full-splice_match	reference_match	NA	NA	NA	NA	NA	NA	NA	2	1	0	0	0	1
ESPRESSO:chr4:1435:17	novel	novel_in_catalog	intron_retention	FALSE	NA	NA	NA	NA	NA	NA	5.09	0	0	3.03	3.07	1.03
ESPRESSO:chr4:1435:13	novel	novel_not_in_catalog	at_least_one_novel_splicesite	FALSE	NA	NA	NA	NA	NA	NA	6.3	2.11	4.13	8.26	15.66	0
ENSMUST00000145976.2	GENCODE	full-splice_match	reference_match	NA	NA	NA	NA	NA	0.37702392354062514	0.8321241137012921	140	59	76	84	127	144
ESPRESSO:chr4:1435:23	novel	novel_in_catalog	combination_of_known_junctions	FALSE	NA	NA	NA	NA	NA	NA	1.02	1.03	1.03	4.04	5.12	2.07
ENSMUST00000568244.1	GENCODE	full-splice_match	reference_match	FALSE	NA	NA	NA	NA	-0.26572776821791205	0.8822682810586276	774.1	466.89	665.63	300.27	588.84	737.32
ESPRESSO:chr4:1435:11	novel	novel_not_in_catalog	at_least_one_novel_splicesite	FALSE	NA	NA	NA	NA	NA	NA	5.19	0	2.04	0	2.06	0
ENSMUST00000438692.1	GENCODE	full-splice_match	reference_match	FALSE	NA	NA	NA	NA	NA	NA	0	0	1	0	1	0
ESPRESSO:chr4:1435:19	novel	novel_in_catalog	intron_retention	TRUE	NA	NA	NA	NA	NA	NA	0	0.39	1.72	2.51	0.01	2.76
ENSMUST00000438695.1	GENCODE	full-splice_match	reference_match	TRUE	NA	NA	NA	NA	NA	NA	3	0	5	1	0	4
ESPRESSO:chr4:1435:22	novel	novel_in_catalog	intron_retention	TRUE	NA	NA	NA	NA	NA	NA	2.14	3.3	7.1	4.23	2.13	4.34
ENSMUST00000079644.14	GENCODE	full-splice_match	reference_match	FALSE	NA	NA	NA	NA	-0.08029120230243741	0.9342100845737996	20607.92	8748.72	15898.02	11521.03	17703.39	13298
ESPRESSO:chr4:1435:12	novel	novel_not_in_catalog	at_least_one_novel_splicesite	FALSE	NA	NA	NA	NA	NA	NA	6.3	2.11	4.13	8.26	0	8.57
ESPRESSO:chr4:1435:7	novel	novel_not_in_catalog	at_least_one_novel_splicesite	FALSE	NA	NA	NA	NA	NA	NA	2.39	2.53	2.26	1.05	3.82	2.54
