transcript_ID	gene_id	lr_delta	gene_name	sr_prop_WT	sr_prop_Q157R	sr_delta	sr_gene_reads	same_sign
ENSMUST00000536969.1	ENSMUSG00000001911.18	-0.2383	Nfix	0.8140926046211545	0.7990031741349344	-0.015089430486220134	5826.833166666666	TRUE
ENSMUST00000052761.10	ENSMUSG00000002010.19	-0.1111	Idh3g	0	0	0	1754.8145	FALSE
ENSMUST00000468421.1	ENSMUSG00000002010.19	0.111	Idh3g	0.562470568779694	0.7629787065554927	0.20050813777579868	1754.8145	TRUE
ENSMUST00000507053.1	ENSMUSG00000004263.17	0.7351	Atn1	0.250032453728958	0.3328226589644125	0.0827902052354545	2038.9998333333333	TRUE
ENSMUST00000187758.8	ENSMUSG00000005501.16	-0.1255	Usp40	0	0	0	1500.4066666666668	FALSE
ENSMUST00000014457.15	ENSMUSG00000014313.17	0.284	Cox6c	0.84557591866826	0.8445234404797524	-0.0010524781885076218	1318.9698333333333	FALSE
ENSMUST00000015017.9	ENSMUSG00000014873.17	-0.1748	Surf2	0.5665358624479836	0.2957212290335233	-0.27081463341446027	417.98883333333333	TRUE
ENSMUST00000015157.11	ENSMUSG00000015013.11	0.365	Trappc2l	0.4655914306247268	0.4823109502916635	0.01671951966693669	241.87166666666667	TRUE
ENSMUST00000016638.9	ENSMUSG00000016494.11	0.2202	Cd34	0.5580162834090575	0.6422208434209202	0.08420456001186272	22526.673166666667	TRUE
ENSMUST00000110815.10	ENSMUSG00000016494.11	-0.2326	Cd34	0.10650480603309924	0	-0.10650480603309924	22526.673166666667	TRUE
ENSMUST00000061283.16	ENSMUSG00000017561.18	-0.111	Crlf3	0.20595257800764938	0	-0.20595257800764938	3839.418166666667	TRUE
ENSMUST00000103233.11	ENSMUSG00000017561.18	0.115	Crlf3	0.03506124163173784	0.13659593265770534	0.10153469102596749	3839.418166666667	TRUE
ENSMUST00000092857.14	ENSMUSG00000017686.19	0.1615	Rhot1	0.005810495199657698	0.02016649212865121	0.01435599692899351	1528.0181666666667	TRUE
ENSMUST00000131011.2	ENSMUSG00000017778.16	0.3337	Cox7c	0.9077916511751616	0.912500103560669	0.004708452385507433	1504.9228333333333	TRUE
ENSMUST00000132233.2	ENSMUSG00000017778.16	-0.3593	Cox7c	0.07942870418586476	0.06714327294024924	-0.012285431245615513	1504.9228333333333	TRUE
ENSMUST00000072239.15	ENSMUSG00000019961.19	-0.1781	Tmpo	0.32333059998467806	0.20916939926504138	-0.11416120071963667	13518.354666666666	TRUE
ENSMUST00000125379.2	ENSMUSG00000020022.19	-0.1967	Ndufa12	0.05275904126647864	0.009338289152463342	-0.0434207521140153	1058.1665	TRUE
ENSMUST00000188997.8	ENSMUSG00000021709.16	0.1381	Erbin	0.0741776103773189	0.292318516914311	0.21814090653699209	11309.8685	TRUE
ENSMUST00000411871.1	ENSMUSG00000022890.15	0.1896	Atp5pf	0	0	0	1340.417	FALSE
ENSMUST00000115791.10	ENSMUSG00000023805.19	0.2716	Synj2	0.18431642330335715	0.06972934548336036	-0.11458707781999679	981.583	FALSE
ENSMUST00000232602.2	ENSMUSG00000023806.12	0.1622	Rsph3b	0.27806938744777376	0.2351345345214875	-0.042934852926286265	698.2988333333334	FALSE
ENSMUST00000024748.14	ENSMUSG00000023952.15	-0.6908	Gtpbp2	0.9517118186231187	0.924013579176221	-0.027698239446897754	1816.129	TRUE
ENSMUST00000165686.2	ENSMUSG00000023952.15	0.7237	Gtpbp2	0.035516522392967084	0.057225842628593794	0.02170932023562671	1816.129	TRUE
ENSMUST00000046288.17	ENSMUSG00000024038.19	-0.2034	Ndufv3	0.33084972250064637	0.351792745872852	0.020943023372205605	1076.8815	FALSE
ENSMUST00000064798.17	ENSMUSG00000024038.19	0.1793	Ndufv3	0.5466435794223534	0.5865607538854212	0.03991717446306775	1076.8815	TRUE
ENSMUST00000047524.11	ENSMUSG00000024251.12	0.3095	Thada	0.4097015237827748	0.4827978082825465	0.07309628449977168	2978.5715	TRUE
ENSMUST00000527972.1	ENSMUSG00000024251.12	-0.2854	Thada	0.43444682124262174	0.3805072192810951	-0.05393960196152664	2978.5715	TRUE
ENSMUST00000234536.3	ENSMUSG00000024317.17	-0.1549	Rnf138	0.06497796594273096	0.09108360790732262	0.026105641964591655	896.0520000000001	FALSE
ENSMUST00000025511.12	ENSMUSG00000024608.13	0.1439	Rps14	0.9117168395687566	0.9170826027387684	0.005365763170011806	20210.883	TRUE
ENSMUST00000050148.6	ENSMUSG00000024780.9	-0.1916	Cdc37l1	0.2035808450447647	0.12313344875938838	-0.08044739628537632	2004.0078333333333	TRUE
ENSMUST00000212032.3	ENSMUSG00000025195.11	0.2856	Dnmbp	0.9734601751177124	0.9439600337513859	-0.029500141366326504	1889.2021666666667	FALSE
ENSMUST00000212592.3	ENSMUSG00000025195.11	-0.3183	Dnmbp	0.02653982488228757	0.05603996624861407	0.0295001413663265	1889.2021666666667	FALSE
ENSMUST00000026222.12	ENSMUSG00000025204.12	0.2078	Ndufb8	0.7214254687936463	0.8043062404588327	0.08288077166518637	1279.22	TRUE
ENSMUST00000171415.9	ENSMUSG00000025204.12	-0.181	Ndufb8	0.08438746454990789	0.14581125416054838	0.06142378961064049	1279.22	FALSE
ENSMUST00000134636.2	ENSMUSG00000025508.15	-0.1112	Rplp2	0	6.672336846824067e-4	6.672336846824067e-4	15441.247500000001	FALSE
ENSMUST00000068705.14	ENSMUSG00000026566.17	-0.233	Mpzl1	0.20929744261853533	0	-0.20929744261853533	401.8375	TRUE
ENSMUST00000111435.10	ENSMUSG00000026566.17	0.2467	Mpzl1	0.7837147176948133	1	0.21628528230518673	401.8375	TRUE
ENSMUST00000029170.9	ENSMUSG00000027641.15	-0.2748	Rbl1	0.7720270511029927	0.7125131623575461	-0.05951388874544661	4035.0924999999997	TRUE
ENSMUST00000108195.10	ENSMUSG00000027679.15	0.2399	Dnajc19	0.5601464254510279	0.31074059178317753	-0.24940583366785035	407.731	FALSE
ENSMUST00000029814.11	ENSMUSG00000028164.17	-0.4852	Manba	0.8098161181787675	0.8179211958248762	0.008105077646108683	1470.0843333333332	FALSE
ENSMUST00000133316.8	ENSMUSG00000029177.11	-0.1086	Cenpa	0.19917080318239883	0.1749341649506549	-0.024236638231743934	2141.8256666666666	TRUE
ENSMUST00000118830.9	ENSMUSG00000029462.20	0.1485	Vps29	0.27448241525263034	0.24289662162798661	-0.031585793624643727	833.4723333333333	FALSE
ENSMUST00000155671.9	ENSMUSG00000029462.20	-0.1484	Vps29	0.22111609448965544	0.1432612625417397	-0.07785483194791573	833.4723333333333	TRUE
ESPRESSO:chr6:102:6	ENSMUSG00000029629.19	0.1555	Phf14	0.010556929280573528	0	-0.010556929280573528	4523.0261666666665	FALSE
ENSMUST00000153699.2	ENSMUSG00000029836.17	0.2259	Cbx3	0.0018645545561548464	0.002068274379362949	2.037198232081028e-4	7641.513833333333	TRUE
ENSMUST00000112439.10	ENSMUSG00000030127.17	0.1912	Cops7a	0.03887495783244748	0.03291323809400009	-0.005961719738447391	2050.1238333333336	FALSE
ESPRESSO:chrX:1412:82	ENSMUSG00000031229.18	0.1557	Atrx	0.10437267837334181	0.09505311137985221	-0.009319566993489597	14770.936666666668	FALSE
ENSMUST00000061970.13	ENSMUSG00000031337.18	-0.1887	Mtm1	0.3671532121553342	0	-0.3671532121553342	301.59133333333335	TRUE
ENSMUST00000064376.14	ENSMUSG00000031389.19	-0.1934	Arhgap4	0.04966970737030423	0.07410292166021919	0.024433214289914955	2272.0106666666666	FALSE
ENSMUST00000114407.10	ENSMUSG00000031389.19	0.1144	Arhgap4	0	0	0	2272.0106666666666	FALSE
ENSMUST00000034015.12	ENSMUSG00000031604.12	-0.3562	Msmo1	0.5168696329232291	0.35932142584011667	-0.1575482070831124	562.1763333333333	TRUE
ENSMUST00000135943.8	ENSMUSG00000031604.12	0.3303	Msmo1	0.07315359075931903	0.045311692386023956	-0.027841898373295072	562.1763333333333	FALSE
ENSMUST00000118136.3	ENSMUSG00000031822.22	0.1708	Gse1	0.16933829544165255	0.15973920226175792	-0.00959909317989463	10177.520333333334	FALSE
ENSMUST00000034755.14	ENSMUSG00000032228.18	0.1315	Tcf12	0.047278122998550116	0.009717710635250293	-0.03756041236329982	4965.369833333333	FALSE
ENSMUST00000183404.8	ENSMUSG00000032228.18	-0.1081	Tcf12	0	0	0	4965.369833333333	FALSE
ENSMUST00000090464.8	ENSMUSG00000033502.17	-0.4164	Cdc14a	0.9253805982251695	0.8880105547970112	-0.037370043428158306	1104.776	TRUE
ENSMUST00000045994.9	ENSMUSG00000033931.11	-0.2001	Rbm34	0.24034141268915357	0.006266666666666666	-0.2340747460224869	723.8226666666667	TRUE
ENSMUST00000102880.6	ENSMUSG00000033953.12	-0.2904	Ppp3r1	0.9783414530791089	0.8756875019511973	-0.10265395112791165	3280.7075	TRUE
ESPRESSO:chr11:176:0	ENSMUSG00000033953.12	0.288	Ppp3r1	0.0019004584786901822	0.008552593852768376	0.006652135374078194	3280.7075	TRUE
ENSMUST00000106525.10	ENSMUSG00000034210.16	-0.115	Efcab14	0.36022736358911733	0.2984874405094179	-0.061739923079699444	4186.453	TRUE
ENSMUST00000113157.9	ENSMUSG00000034269.14	0.1417	Setd5	0.12005057361679404	0.28652912260831925	0.1664785489915252	8255.756166666666	TRUE
ENSMUST00000037023.9	ENSMUSG00000034892.10	0.3095	Rps29	0.9856346456721822	0.9875599233190824	0.001925277646900203	10699.098166666667	TRUE
ENSMUST00000094291.3	ENSMUSG00000034892.10	-0.2724	Rps29	0.014365354327817813	0.012440076680917692	-0.0019252776469001216	10699.098166666667	TRUE
ENSMUST00000035775.10	ENSMUSG00000035215.11	0.2591	Lsm7	0.3246552112041628	0.45590874805697834	0.13125353685281554	154.90133333333333	TRUE
ENSMUST00000218931.2	ENSMUSG00000035215.11	-0.1509	Lsm7	0.058228924420114195	0.1399231306585258	0.0816942062384116	154.90133333333333	FALSE
ESPRESSO:chr8:822:2	ENSMUSG00000036199.11	-0.1456	Ndufa13	0.01907892213910517	0.023672905989236256	0.0045939838501310865	553.8216666666667	FALSE
ESPRESSO:chr8:822:3	ENSMUSG00000036199.11	0.3253	Ndufa13	0.6420400878436356	0.737373616896819	0.09533352905318337	553.8216666666667	TRUE
ENSMUST00000040372.14	ENSMUSG00000036372.16	0.2131	Tmem258	0.863584172028337	0.8281419936321951	-0.03544217839614194	1002.4288333333334	FALSE
ENSMUST00000038675.7	ENSMUSG00000037772.15	0.4005	Mrpl23	0.17389836509960943	0.17814924578051486	0.004250880680905428	116.42766666666667	TRUE
ENSMUST00000045366.11	ENSMUSG00000038506.15	-0.1557	Dcun1d2	0	0.008750630414242247	0.008750630414242247	658.2626666666667	FALSE
ENSMUST00000110840.9	ENSMUSG00000038506.15	0.2418	Dcun1d2	0.09995013157273396	0.08761556137678099	-0.012334570195952965	658.2626666666667	FALSE
ENSMUST00000161741.8	ENSMUSG00000038690.17	0.3388	Atp5mf	0.5181578606753108	0.6518607723672905	0.13370291169197968	457.0946666666666	TRUE
ENSMUST00000200584.2	ENSMUSG00000038690.17	-0.3166	Atp5mf	0.13094879147255872	0.12801739821028638	-0.002931393262272347	457.0946666666666	TRUE
ENSMUST00000043675.10	ENSMUSG00000038717.11	0.2369	Atp5mg	0.8215625841331399	0.8812977768899174	0.05973519275677752	1620.3333333333335	TRUE
ENSMUST00000216815.3	ENSMUSG00000038717.11	-0.2099	Atp5mg	0.1690926503027653	0.09368452199622132	-0.07540812830654398	1620.3333333333335	TRUE
ENSMUST00000194649.3	ENSMUSG00000039221.12	0.2296	Rpl22l1	0.5779522660161847	0.6099177481082704	0.03196548209208572	1783.4461666666666	TRUE
ENSMUST00000195728.2	ENSMUSG00000039221.12	-0.269	Rpl22l1	0.1447712737232626	0.0674158174157272	-0.07735545630753539	1783.4461666666666	TRUE
ENSMUST00000230703.3	ENSMUSG00000039473.10	0.2678	Ubn1	0	0.04370923422757633	0.04370923422757633	6898.007833333333	TRUE
ENSMUST00000038876.14	ENSMUSG00000040212.14	0.173	Emp3	0.48010088580422294	0.6355028296913783	0.15540194388715534	1745.9013333333335	TRUE
ENSMUST00000059021.11	ENSMUSG00000040374.15	-0.125	Pex2	0.10475185296271348	0.030753092554162326	-0.07399876040855116	619.1178333333334	TRUE
ENSMUST00000471709.1	ENSMUSG00000040734.16	-0.1898	Ppp1r13l	0.16140833665206425	0.19658064516129034	0.03517230850922609	221.66649999999998	FALSE
ENSMUST00000239428.2	ENSMUSG00000041530.19	0.3912	Ago1	0	0.05478987853448324	0.05478987853448324	7402.5008333333335	TRUE
ENSMUST00000045356.10	ENSMUSG00000041841.10	0.3616	Rpl37	0.37962484097556154	0.39757998854841625	0.017955147572854713	6241.159	TRUE
ENSMUST00000227635.2	ENSMUSG00000041841.10	-0.143	Rpl37	0.033673379079064085	0.0253585316490388	-0.008314847430025286	6241.159	TRUE
ENSMUST00000048249.9	ENSMUSG00000041881.15	0.2486	Ndufa7	0.6271212023550741	0.6688082214982595	0.0416870191431854	824.2226666666667	TRUE
ENSMUST00000173946.2	ENSMUSG00000041881.15	-0.1519	Ndufa7	0	0	0	824.2226666666667	FALSE
ESPRESSO:chr17:623:0	ENSMUSG00000041881.15	-0.1126	Ndufa7	0.2143410778330923	0.24100493398956982	0.02666385615647751	824.2226666666667	FALSE
ENSMUST00000521148.1	ENSMUSG00000041975.19	-0.1094	Mettl8	0.09121139823996378	0	-0.09121139823996378	289.60366666666664	TRUE
ENSMUST00000041111.11	ENSMUSG00000042541.12	0.214	Sem1	0.8819741655143278	0.928041982205861	0.04606781669153315	1367.8331666666666	TRUE
ENSMUST00000205180.2	ENSMUSG00000042541.12	-0.2216	Sem1	0.10999705149214556	0.06654458936022856	-0.043452462131917	1367.8331666666666	TRUE
ENSMUST00000525384.1	ENSMUSG00000044308.20	0.1833	Ubr3	0.20902330657145882	0.2727173290594753	0.0636940224880165	4563.926833333333	TRUE
ENSMUST00000160885.3	ENSMUSG00000050410.17	0.2157	Tcf19	0.06574050778506631	0.2595177143365475	0.19377720655148123	629.6246666666666	TRUE
ENSMUST00000059983.10	ENSMUSG00000050732.11	0.1776	Vamp8	0.6951771723133722	0.7896887384237322	0.09451156611036005	3649.3903333333333	TRUE
ENSMUST00000057975.9	ENSMUSG00000051444.11	-0.1552	Bbs12	0.5353603980376218	0.5652230392156863	0.029862641178064475	249.55716666666666	FALSE
ENSMUST00000108121.5	ENSMUSG00000051444.11	0.1566	Bbs12	0.006518707482993197	0.02433879781420765	0.017820090331214455	249.55716666666666	TRUE
ENSMUST00000067496.8	ENSMUSG00000054428.14	0.2238	Atp5if1	0.8151661809533546	0.8863889784639833	0.07122279751062877	1492.9875	TRUE
ENSMUST00000145795.2	ENSMUSG00000054428.14	-0.2142	Atp5if1	0.09526856964766203	0.038600933498761106	-0.05666763614890093	1492.9875	TRUE
ENSMUST00000077282.8	ENSMUSG00000054843.11	0.5776	Atrnl1	0.29068381293479634	0.4336501447507621	0.14296633181596574	892.0493333333333	TRUE
ENSMUST00000068792.14	ENSMUSG00000055296.16	-0.4035	Tmem245	0.8760548120592418	0.8546076882958943	-0.021447123763347564	3616.1625	TRUE
ENSMUST00000445069.1	ENSMUSG00000057982.10	0.1205	Zfp809	0.0034211837867190345	0.006495115044429712	0.0030739312577106772	1880.1663333333333	TRUE
ENSMUST00000009039.7	ENSMUSG00000058600.15	0.198	Rpl30	0.03394993830063535	0.03940116946331867	0.005451231162683319	9241.565666666667	TRUE
ENSMUST00000138936.2	ENSMUSG00000061787.17	-0.1334	Rps17	0.0032523861397048648	0.005090208020220488	0.0018378218805156234	10991.764666666666	FALSE
ENSMUST00000101527.3	ENSMUSG00000062949.15	-0.1026	Atp11c	0.3019611766123852	0.14011592920748103	-0.16184524740490416	2632.0003333333334	TRUE
ENSMUST00000173844.8	ENSMUSG00000067288.15	0.2967	Rps28	0.7776654050665531	0.7833302838568569	0.005664878790303751	10935.124833333333	TRUE
ENSMUST00000234017.2	ENSMUSG00000067288.15	-0.2434	Rps28	0.0077876668850872105	0.0072693450392383	-5.183218458489104e-4	10935.124833333333	TRUE
ENSMUST00000087511.11	ENSMUSG00000067365.13	-0.3206	Tmem128	0.5614701039591404	0.5945376505499989	0.03306754659085842	690.1666666666666	FALSE
ENSMUST00000110062.9	ENSMUSG00000068205.16	-0.3144	Macrod2	0	NA	NA	28.384333333333334	NA
ENSMUST00000090031.13	ENSMUSG00000068523.14	0.1503	Gng5	0.8055326221005019	0.8894798177551592	0.08394719565465725	1146.956	TRUE
ENSMUST00000118280.3	ENSMUSG00000068523.14	-0.1503	Gng5	0.19446737789949806	0.11052018224484086	-0.08394719565465719	1146.956	TRUE
ESPRESSO:chr17:23:10	ENSMUSG00000069729.15	0.1526	Arid1b	0.40718910342799025	0.42030934732724085	0.013120243899250594	16769.482500000002	TRUE
ENSMUST00000099106.11	ENSMUSG00000074604.11	0.4911	Mgst2	0.41245308735786995	0.4194892094682633	0.007036122110393339	101.40416666666667	TRUE
ENSMUST00000070755.14	ENSMUSG00000078773.13	0.1859	Rad54b	0.06767146594757709	0	-0.06767146594757709	830.8403333333333	FALSE
ENSMUST00000095145.13	ENSMUSG00000078773.13	-0.1189	Rad54b	0	0.017998626541454434	0.017998626541454434	830.8403333333333	FALSE
ENSMUST00000185384.8	ENSMUSG00000078784.10	0.2037	Rbis	0.5271936545900043	0.44197252102077794	-0.08522113356922639	323.0606666666667	FALSE
ESPRESSO:chr17:533:12	ENSMUSG00000086534.3	0.5884	Gm16758	0.36779349938975614	0.5356114023066962	0.1678179029169401	656.6855	TRUE
ENSMUST00000131787.4	ENSMUSG00000086841.4	0.2141	2410006H16Rik	0.6040022014991796	0.7243838219091943	0.12038162041001466	1407.9703333333332	TRUE
ENSMUST00000245938.2	ENSMUSG00000086841.4	-0.2521	2410006H16Rik	0.08565502716148263	0.0758323111091191	-0.009822716052363525	1407.9703333333332	TRUE
ENSMUST00000168463.9	ENSMUSG00000091803.9	0.2477	Cox16	0.05333714890651183	0.13503912711261526	0.08170197820610342	533.8235	TRUE
ENSMUST00000196466.4	ENSMUSG00000104960.4	0.4293	Snhg8	0.6310313103782424	0.751287641390674	0.1202563310124316	864.4996666666666	TRUE
ENSMUST00000198509.4	ENSMUSG00000104960.4	-0.3494	Snhg8	0.11287767052717415	0.05941481219244889	-0.05346285833472526	864.4996666666666	TRUE
ENSMUST00000031024.14	ENSMUSG00000106918.5	0.3174	Mrpl33	0.6282125778838608	0.7134796618424344	0.08526708395857363	611.013	TRUE
ENSMUST00000201620.2	ENSMUSG00000106918.5	-0.2609	Mrpl33	0.31840497031631665	0.2535163598339588	-0.06488861048235783	611.013	TRUE
