gene_name	event	gene	chr	strand	region	IJC_Q157R	SJC_Q157R	IJC_WT	SJC_WT	PSI_Q157R	PSI_WT	dPSI_Q157R_minus_WT	FDR
Acvr2b	A3SS	ENSMUSG00000061393.16	chr9	+	119257033-119257142	37,36,111	0,0,0	71,7,45	14,0,0	1.0,1.0,1.0	0.832,1.0,1.0	0.056	1.67141142483e-4
Acvr2b	A3SS	ENSMUSG00000061393.16	chr9	+	119257267-119257418	16,15,0	0,0,0	42,6,29	12,13,6	1.0,1.0,NA	0.751,0.284,0.806	0.386	1
Acvr2b	RI	ENSMUSG00000061393.16	chr9	+	119257037-119257418	0,0,37	8,15,0	15,0,7	42,1,29	0.0,0.0,1.0	0.163,0.0,0.116	0.24	1
Acvr2b	RI	ENSMUSG00000061393.16	chr9	+	119257037-119257418	8,0,37	0,0,0	15,5,7	12,13,6	1.0,NA,1.0	0.385,0.162,0.369	0.695	1
Gata1	RI	ENSMUSG00000031162.16	chrX	-	7828163-7829480	6,0,14	19,10,0	0,0,0	19,13,31	0.072,0.0,1.0	0.0,0.0,0.0	0.357	0.0159580367266
Gata1	A3SS	ENSMUSG00000031162.16	chrX	-	7828410-7829071	0,0,14	19,10,0	0,0,0	19,13,31	0.0,0.0,1.0	0.0,0.0,0.0	0.333	0.117105906618
Gata1	RI	ENSMUSG00000031162.16	chrX	-	7825505-7826947	0,8,16	90,11,35	18,8,8	77,43,32	0.0,0.152,0.101	0.055,0.044,0.058	0.032	0.833756062304
Med12	A3SS	ENSMUSG00000079487.13	chrX	+	100337399-100337476	133,39,89	6,0,0	79,27,48	14,0,5	0.956,1.0,1.0	0.847,1.0,0.904	0.068	0.00102604890413
Pik3r5	SE	ENSMUSG00000020901.15	chr11	+	68386174-68386256	139,114,97	0,0,0	140,57,32	2,0,0	1.0,1.0,1.0	0.978,1.0,1.0	0.007	1
Smad2	SE	ENSMUSG00000024563.18	chr18	+	76419931-76420020	429,438,685	16,0,0	525,140,417	37,6,22	0.944,1.0,1.0	0.898,0.936,0.922	0.063	1.07426339236e-9
Smad2	RI	ENSMUSG00000024563.18	chr18	+	76432854-76435598	158,62,386	0,0,7	115,96,147	0,0,0	1.0,1.0,0.764	1.0,1.0,1.0	-0.079	0.00495594149133
Smad2	A3SS	ENSMUSG00000024563.18	chr18	+	76395511-76395798	100,73,118	0,0,22	99,21,57	4,0,0	1.0,1.0,0.838	0.96,1.0,1.0	-0.041	0.0198730271943
Smad2	MXE	ENSMUSG00000024563.18	chr18	+	76395511-76420020	186,159,283	105,129,73	213,42,186	174,59,123	0.492,0.403,0.68	0.401,0.28,0.453	0.147	0.139267408377
Smad2	SE	ENSMUSG00000024563.18	chr18	+	76435227-76435287	90,51,208	0,0,7	140,61,134	0,0,0	1.0,1.0,0.955	1.0,1.0,1.0	-0.015	0.860666796982
Smad2	SE	ENSMUSG00000024563.18	chr18	+	76395511-76395798	494,468,900	0,0,0	531,118,461	0,1,0	1.0,1.0,1.0	1.0,0.976,1.0	0.008	1
Smad2	SE	ENSMUSG00000024563.18	chr18	+	76395516-76395798	481,433,865	0,0,0	526,118,451	0,1,0	1.0,1.0,1.0	1.0,0.976,1.0	0.008	1
Smad2	SE	ENSMUSG00000024563.18	chr18	+	76431519-76431572	307,221,410	0,9,0	403,106,160	0,0,0	1.0,0.947,1.0	1.0,1.0,1.0	-0.018	1
Smad2	SE	ENSMUSG00000024563.18	chr18	+	76435150-76435287	405,277,510	0,0,7	519,185,364	0,0,0	1.0,1.0,0.974	1.0,1.0,1.0	-0.009	1
Smad2	A3SS	ENSMUSG00000024563.18	chr18	+	76395511-76395798	11,7,22	6,0,0	0,0,8	0,0,0	0.639,1.0,1.0	NA,NA,1.0	-0.12	1
Smad2	A3SS	ENSMUSG00000024563.18	chr18	+	76435150-76435287	320,226,302	2,0,0	379,125,258	0,0,0	0.991,1.0,1.0	1.0,1.0,1.0	-0.003	1
Smad2	A5SS	ENSMUSG00000024563.18	chr18	+	76422110-76422277	6,0,0	185,204,219	1,0,0	287,101,98	0.026,0.0,0.0	0.003,0.0,0.0	0.008	1
Smad3	SE	ENSMUSG00000032402.14	chr9	-	63570947-63570997	261,249,145	0,0,0	367,75,219	0,8,0	1.0,1.0,1.0	1.0,0.875,1.0	0.042	1
Smad3	SE	ENSMUSG00000032402.14	chr9	-	63559003-63559114	0,0,0	197,161,373	0,0,7	199,45,105	0.0,0.0,0.0	0.0,0.0,0.037	-0.012	1
Smad3	SE	ENSMUSG00000032402.14	chr9	-	63619198-63619437	0,4,0	245,309,204	16,0,2	515,53,220	0.0,0.005,0.0	0.012,0.0,0.003	-0.003	1
Smad3	A5SS	ENSMUSG00000032402.14	chr9	-	63575011-63575204	250,287,307	5,0,0	266,128,151	4,0,0	0.971,1.0,1.0	0.978,1.0,1.0	-0.002	1
