gene_name	gene	transcript_ID	LR_prop_WT	LR_prop_Q157R	LR_delta	LR_adjp	SR_share_WT	SR_share_Q157R	SR_delta	DRIM_delta	DRIM_FDR	DRIM_gene_FDR	origin	structural_category	predicted_NMD
Acvr2b	ENSMUSG00000061393.16	ENSMUST00000215746.3	0.75	0.7321	-0.01786	0.9756	0.6638945557028805	0.8369152326322499	0.1730206769293694	NA	NA	NA	GENCODE	full-splice_match	FALSE
Acvr2b	ENSMUSG00000061393.16	ENSMUST00000528737.1	0.25	0.2679	0.01786	0.9756	0.3361054442971195	0.16308476736775016	-0.17302067692936937	NA	NA	NA	GENCODE	full-splice_match	FALSE
Gata1	ENSMUSG00000031162.16	ENSMUST00000033502.14	0.9501	0.9486	-0.001466	0.9519	0.7391783653387505	0.6792175132081485	-0.05996085213060198	NA	NA	NA	GENCODE	full-splice_match	FALSE
Gata1	ENSMUSG00000031162.16	ENSMUST00000583301.1	0.01024	0.009284	-9.585e-4	0.7843	0.16889898989898988	0.08984732824427481	-0.07905166165471507	NA	NA	NA	GENCODE	full-splice_match	FALSE
Gata1	ENSMUSG00000031162.16	ESPRESSO:chrX:87:34	0.007224	0.004521	-0.002702	0.4831	0	0.043927894621679106	0.043927894621679106	NA	NA	NA	novel	novel_in_catalog	FALSE
Gata1	ENSMUSG00000031162.16	ESPRESSO:chrX:87:32	0.006372	0.008341	0.001969	0.737	0.06446810786174838	0	-0.06446810786174838	NA	NA	NA	novel	novel_in_catalog	TRUE
Gata1	ENSMUSG00000031162.16	ESPRESSO:chrX:87:9	0.002107	0.001831	-2.764e-4	0.8417	0	0.1748264637601322	0.1748264637601322	NA	NA	NA	novel	novel_not_in_catalog	FALSE
Gdf11	ENSMUSG00000025352.8	ENSMUST00000026408.8	NA	NA	NA	NA	1	1	0	NA	NA	NA	GENCODE	full-splice_match	FALSE
Med12	ENSMUSG00000079487.13	ENSMUST00000087948.12	0.4624	0.4675	0.005064	0.9284	0.2014136040535591	0.34011101229315965	0.13869740823960056	0.00913667213310298	1	1	GENCODE	full-splice_match	FALSE
Med12	ENSMUSG00000079487.13	ENSMUST00000449252.1	0.4259	0.4306	0.004751	0.9318	0	0	0	0.00118331264904414	1	1	GENCODE	full-splice_match	FALSE
Med12	ENSMUSG00000079487.13	ENSMUST00000449253.1	0.06416	0.04964	-0.01452	0.752	0.029738749526884066	0.02279844731511056	-0.006940302211773507	-0.01031998478214712	1	1	GENCODE	full-splice_match	FALSE
Med12	ENSMUSG00000079487.13	ENSMUST00000449257.1	0.01827	0.0167	-0.001563	1	0.028202301391471694	0.013292343098836847	-0.014909958292634848	NA	NA	NA	GENCODE	full-splice_match	FALSE
Med12	ENSMUSG00000079487.13	ESPRESSO:chrX:1302:6	0.01453	0.0195	0.004964	0.591	0.702497316601095	0.5996819745303532	-0.10281534207074183	NA	NA	NA	novel	novel_in_catalog	FALSE
Med12	ENSMUSG00000079487.13	ESPRESSO:chrX:1302:3	0.01278	0.009294	-0.003486	0.8392	0.038148028426990076	0.0241162227625397	-0.014031805664450375	NA	NA	NA	novel	novel_in_catalog	FALSE
Pik3r5	ENSMUSG00000020901.15	ENSMUST00000021283.9	NA	NA	NA	NA	0.9502820194419619	0.9865956444967628	0.03631362505480096	-0.00878042023955927	1	1	GENCODE	full-splice_match	FALSE
Pik3r5	ENSMUSG00000020901.15	ENSMUST00000430605.1	NA	NA	NA	NA	0.04971798055803819	0.0134043555032372	-0.036313625054800985	0.00878042023955927	1	1	GENCODE	full-splice_match	FALSE
Smad2	ENSMUSG00000024563.18	ENSMUST00000168423.10	0.7201	0.7161	-0.004068	0.8712	0.3801574935661705	0.15997889146367575	-0.22017860210249476	-0.0058179297559231	1	1	GENCODE	full-splice_match	FALSE
Smad2	ENSMUSG00000024563.18	ESPRESSO:chr18:892:7	0.1091	0.1157	0.006539	0.8623	0.3000434524855665	0.3037249603921774	0.0036815079066108702	0.00760644698921514	1	1	novel	novel_in_catalog	FALSE
Smad2	ENSMUSG00000024563.18	ENSMUST00000091831.13	0.06234	0.06242	8.831e-5	0.8557	0.02710354758086455	0.01046664568911265	-0.016636901891751897	-0.00178851723329208	1	1	GENCODE	full-splice_match	FALSE
Smad2	ENSMUSG00000024563.18	ENSMUST00000539935.1	0.02881	0.02518	-0.003635	0.8351	0.030594714042601192	0	-0.030594714042601192	NA	NA	NA	GENCODE	full-splice_match	FALSE
Smad2	ENSMUSG00000024563.18	ENSMUST00000575951.1	0.02209	0.01394	-0.008152	0.5792	0.021944052211063245	0.0652687054090877	0.04332465319802446	NA	NA	NA	GENCODE	full-splice_match	FALSE
Smad2	ENSMUSG00000024563.18	ENSMUST00000539957.1	NA	NA	NA	NA	0.02012528127292961	0.0925103160206814	0.07238503474775179	NA	NA	NA	GENCODE	full-splice_match	FALSE
Smad2	ENSMUSG00000024563.18	ENSMUST00000539937.1	0.0102	0.01072	5.208e-4	0.9624	0.08304209212751103	0.11614279174861215	0.033100699621101126	NA	NA	NA	GENCODE	full-splice_match	TRUE
Smad2	ENSMUSG00000024563.18	ENSMUST00000575950.1	0.008239	0.02121	0.01297	0.2215	0.007808714273719823	0.02199582463465553	0.014187110360935708	NA	NA	NA	GENCODE	full-splice_match	FALSE
Smad2	ENSMUSG00000024563.18	ESPRESSO:chr18:892:1	0.006009	0.005533	-4.764e-4	0.9523	0.06254438321490073	0.0626355278439164	9.114462901567422e-5	NA	NA	NA	novel	novel_in_catalog	TRUE
Smad2	ENSMUSG00000024563.18	ESPRESSO:chr18:892:6	0.005213	0.004539	-6.735e-4	0.9809	0.026276116288552667	0.0535848741673399	0.027308757878787237	NA	NA	NA	novel	novel_in_catalog	FALSE
Smad2	ENSMUSG00000024563.18	ENSMUST00000539953.1	0.004786	0.004648	-1.374e-4	0.98740000000000006	0.03261331912125192	0.03748462073764788	0.004871301616395957	NA	NA	NA	GENCODE	full-splice_match	FALSE
Smad3	ENSMUSG00000032402.14	ENSMUST00000034973.11	NA	NA	NA	NA	0.9804516929622408	0.9768101380402806	-0.003641554921960166	NA	NA	NA	GENCODE	full-splice_match	FALSE
