set	gene_name	cluster	status	p.adjust	n_introns	max_abs_dPSI	top_intron	top_dPSI_Q157R_minus_WT
shortread	Smad2	chr18:clu_3985_+	Success	0.54334938336976	2	0.0663684699499016	chr18:76375303:76395511:clu_3985_+	0.0663684699499016
shortread	Smad2	chr18:clu_3986_+	Success	0.0612569460908011	3	0.0594405482532129	chr18:76395798:76419931:clu_3986_+	0.0594405482532129
shortread	Acvr2b	chr9:clu_8541_+	Not enough valid samples	NA	NA	NA	NA	NA
shortread	Med12	chrX:clu_8778_+	Success	0.526277534722644	3	0.0859181518042932	chrX:100337236:100337399:clu_8778_+	0.0859181518042932
longread	Smad2	chr18:clu_6320_+	Success	0.972987665363688	3	0.00768080867842181	chr18:76375050:76395516:clu_6320_+	-0.00768080867842181
longread	Smad2	chr18:clu_6321_+	Success	0.992827110174779	3	0.00819803944033539	chr18:76395798:76420999:clu_6321_+	0.00819803944033539
longread	Smad2	chr18:clu_6322_+	Success	0.926390381816588	3	0.00587570233224388	chr18:76433066:76435454:clu_6322_+	-0.00587570233224388
longread	Med12	chrX:clu_13972_+	Success	0.94558845135832	3	0.0120539389187282	chrX:100337236:100337402:clu_13972_+	-0.0120539389187282
longread	Gata1	chrX:clu_14062_-	Success	1	2	1.8633613666874e-4	chrX:7828787:7829242:clu_14062_-	-1.8633613666874e-4
longread	Gata1	chrX:clu_14063_-	Success	0.584888289906094	3	0.0062770927377296	chrX:7829480:7830198:clu_14063_-	0.0062770927377296
